Exported at,Time zone,,,,,,,,,,,,
2026-01.20T09:13:09,Europe/London,,,,,,,,,,,,
,,,,,,,,,,,,,
Event,Infrastructure,Available,Unavailable,Event Start,Event Stop,Duration,Fuel Type,Assets,Published,Remarks,Revision,Status,Cancellation Reason
"Unavailability of electricity facilities, Production",IE | Edenderry Power Plant | Edenderry Power Plant,0,118,2026-01.20T08:00,2026-01.21T22:59,"1 day,14 hours,59 minutes",Biomass,,2026-01.20T07:52:44,,1,Active,
"Unavailability of electricity facilities, Production",IE | Edenderry Power Plant | Edenderry Power Plant,0,118,2026-01.20T23:36,2026-01.21T06:59,"7 hours,23 minutes",Biomass,,2026-01.20T07:52:43,,2,Dismissed,CANCELED to prevent overlaps.
"Unavailability of electricity facilities, Production",IE | Edenderry Power Plant | Edenderry Power Plant,118,0,2026-01.20T10:59,2026-01.20T23:35,"12 hours,36 minutes",Biomass,,2026-01.20T07:52:43,,2,Dismissed,CANCELED to prevent overlaps.
"Unavailability of electricity facilities, Production",IE | Edenderry Power Plant | Edenderry Power Plant,0,118,2026-01.20T04:00,2026-01.20T07:59,"3 hours,59 minutes",Biomass,,2026-01.20T07:52:42,,2,Active,
"Unavailability of electricity facilities, Production",IE | Edenderry Power Plant | Edenderry Power Plant,118,0,2026-01.16T12:00,2026-01.20T03:59,"3 days,15 hours,59 minutes",Biomass,,2026-01.20T04:51:58,,3,Active,
"Other market information, Market Information",IE | Kylemore BESS (IH1),,,2026-01.20T07:30,2026-01.20T13:05,"5 hours,35 minutes",,,2026-01.19T18:00:49,"Unit testing, Expected output range 0-30mws",1,Active,
"Unavailability of electricity facilities, Production",IE | Poolbeg | GU_400325 (PBB),152,80,2026-01.18T02:15,2026-01.19T16:04,"1 day,13 hours,49 minutes",Fossil Gas,,2026-01.19T16:06:39,Unit is operating in OCGT mode due to fuel pump issue ,3,Active,
"Unavailability of electricity facilities, Production",IE | Kilroot | GU_500824 (KGT1),0,29,2026-01.19T16:00,2026-01.20T16:00,1 day,Fossil Oil,,2026-01.19T15:56:17,Fire Protection Issues,2,Dismissed,No Longer Required
"Unavailability of electricity facilities, Production",IE | Kilroot | GU_500825(KGT2),0,29,2026-01.19T16:00,2026-01.20T16:00,1 day,Fossil Oil,,2026-01.19T15:55:51,Fire Protection Issues,2,Dismissed,No Longer Required
"Unavailability of electricity facilities, Production",IE | Kilroot | GU_500820 (KGT3),0,41,2026-01.19T16:00,2026-01.20T16:00,1 day,Fossil Oil,,2026-01.19T15:55:20,Fire Protection Issues,2,Dismissed,No Longer Required
"Unavailability of electricity facilities, Production",IE | Kilroot | GU_500821 (KGT4),0,41,2026-01.19T16:00,2026-01.20T16:00,1 day,Fossil Oil,,2026-01.19T15:54:52,Fire Protection Issues,2,Dismissed,No Longer Required
"Unavailability of electricity facilities, Production",IE | GU_504110 (GT6),0,326,2026-01.11T09:15,2026-01.23T20:00,"12 days,10 hours,45 minutes",Fossil Gas,,2026-01.16T15:16:44,Investigation of Turning Gear,7,Active,
"Unavailability of electricity facilities, Production",IE | Dublin Waste to Energy,50,12,2026-01.19T08:30,2026-01.19T14:01,"5 hours,31 minutes",Waste,,2026-01.16T13:29:03,Unforseen Issues,1,Active,
"Unavailability of electricity facilities, Production",IE | Ballylumford | GU_500284(BGT2),52,6,2026-01.16T08:00,2026-01.16T12:00,4 hours,Fossil Oil,,2026-01.16T12:26:02,GT Compressor wash completed.,4,Active,
"Unavailability of electricity facilities, Production",IE | Edenderry Power Plant | Edenderry Power Plant,118,0,2026-01.16T11:59,2026-01.16T11:59,,Biomass,,2026-01.16T11:44:41,,2,Active,
"Unavailability of electricity facilities, Production",IE | Ballylumford | GU_500283(BGT1),0,58,2026-01.19T20:00,2026-01.20T20:00,1 day,Fossil Oil,,2026-01.16T11:30:53,Fire system repairs,1,Active,
"Unavailability of electricity facilities, Production",IE | Edenderry Power Plant | Edenderry Power Plant,75,43,2026-01.16T08:45,2026-01.16T11:59,"3 hours,14 minutes",Biomass,,2026-01.16T08:20:34,,1,Active,
"Unavailability of electricity facilities, Production",IE | Edenderry Power Plant | Edenderry Power Plant,75,43,2026-01.16T08:45,2026-01.16T11:59,"3 hours,14 minutes",Biomass,,2026-01.16T08:20:33,,2,Dismissed,CANCELED to prevent overlaps.
"Unavailability of electricity facilities, Production",IE | Edenderry Power Plant | Edenderry Power Plant,118,0,2026-01.14T12:30,2026-01.16T08:44,"1 day,20 hours,14 minutes",Biomass,,2026-01.16T08:18:15,,2,Active,
"Unavailability of electricity facilities, Production",IE | Turlough Hill | GU_400360 (TH1),0,73,2026-01.15T07:00,2026-01.15T13:40,"6 hours,40 minutes",Hydro Pumped Storage,,2026-01.15T13:40:57,Pump replacement,3,Active,
"Unavailability of electricity facilities, Production",IE | Turlough Hill | GU_400361 (TH2),0,73,2026-01.15T07:00,2026-01.15T13:40,"6 hours,40 minutes",Hydro Pumped Storage,,2026-01.15T13:40:24,Pump replacement,2,Active,
"Unavailability of electricity facilities, Production",IE | Turlough Hill | GU_400362 (TH3),0,73,2026-01.15T07:00,2026-01.15T13:40,"6 hours,40 minutes",Hydro Pumped Storage,,2026-01.15T13:39:56,Pump replacement,2,Active,
"Unavailability of electricity facilities, Production",IE | Turlough Hill | GU_400363 (TH4),0,73,2026-01.15T07:00,2026-01.15T13:40,"6 hours,40 minutes",Hydro Pumped Storage,,2026-01.15T13:39:32,Pump replacement,2,Active,
"Unavailability of electricity facilities, Production",IE | Dublin Bay | GU_400500 (DB1),0,415,2026-01.08T21:00,2026-01.14T22:00,"6 days,1 hour",Fossil Gas,,2026-01.14T16:11:40,High Temperature - LT Turbine,4,Active,
"Other market information, Market Information",IE | Poolbeg BESS (PB8),,,2026-01.15T04:30,2026-01.15T16:00,"11 hours,30 minutes",,,2026-01.14T14:39:02,PB8 testing 04:30 - 16:00. Test range -75 MW to 75 MW. ,1,Active,
"Unavailability of electricity facilities, Production",IE | Edenderry Power Plant | Edenderry Power Plant,110,8,2026-01.09T09:54,2026-01.14T12:29,"5 days,2 hours,35 minutes",Biomass,,2026-01.14T12:16:05,,2,Active,
"Other market information, Market Information",IE | Poolbeg BESS (PB8),,,2026-01.13T07:30,2026-01.13T13:00,"5 hours,30 minutes",,,2026-01.12T16:48:09,"Unit Testing.
Testing Range 0 - 7 5MW.",1,Active,
"Unavailability of electricity facilities, Production",IE | Aghada | GU_400183 (AT14),0,90,2026-01.11T23:57,2026-01.13T18:00,"1 day,18 hours,3 minutes",Fossil Gas,,2026-01.12T15:53:35,Oil Leak,2,Dismissed,Unit is available to generate but there is a network transmission outage. 
"Other market information, Market Information",IE | Yellow River,,,2026-01.14T08:00,2026-01.14T18:30,"10 hours,30 minutes",,Yellow River,2026-01.12T15:02:21,"Generator Compliance Test (Yellow River WFPS) is expected to commence on 14th of January 2026. During the test, site output may vary between 0–101 MW.",1,Active,
"Unavailability of electricity facilities, Production",IE | Kilroot | GU_500825(KGT2),0,29,2026-01.06T15:30,2026-01.09T12:45,"2 days,21 hours,15 minutes",Fossil Oil,,2026-01.09T12:46:13,,3,Active,
"Unavailability of electricity facilities, Production",IE | Corduff Flexgen (FG2) | GU_403680,0,64,2026-01.08T11:07,2026-01.09T11:05,"23 hours,58 minutes",Fossil Gas,,2026-01.09T11:05:41,Trip,4,Active,
"Unavailability of electricity facilities, Production",IE | Poolbeg | GU_400325 (PBB),0,232,2026-01.20T09:30,2026-01.21T15:00,"1 day,5 hours,30 minutes",Fossil Gas,,2026-01.09T09:55:19,Cooling of GT in order to take measurement data.,1,Active,
"Unavailability of electricity facilities, Production",IE | Edenderry Power Plant | Edenderry Power Plant,110,8,2026-01.05T08:15,2026-01.09T09:53,"4 days,1 hour,38 minutes",Biomass,,2026-01.09T09:54:12,,2,Active,
"Unavailability of electricity facilities, Production",IE | Poolbeg | GU_400324 (PBA),0,232,2026-01.06T14:30,2026-01.08T23:59,"2 days,9 hours,29 minutes",Fossil Gas,,2026-01.08T22:06:25,Protection relay fault ,6,Active,
"Unavailability of electricity facilities, Production",IE | Turlough Hill | GU_400363 (TH4),0,73,2026-01.08T14:15,2026-01.08T15:55,"1 hour,40 minutes",Hydro Pumped Storage,,2026-01.08T15:55:06,Maintenance,2,Active,
"Unavailability of electricity facilities, Transmission",Greenlink Interconnector | IE ? GB,0,504,2026-01.08T13:00,2026-01.08T20:00,7 hours,,Greenlink Interconnector Limited,2026-01.08T15:01:22,,2,Active,
"Unavailability of electricity facilities, Production",IE | Meentycat,0,85,2026-01.08T08:00,2026-01.08T15:00,7 hours,Wind Onshore,,2026-01.08T14:25:07,Plant Fault - Auxiliary Equipment,2,Active,
"Unavailability of electricity facilities, Production",IE | Turlough Hill | GU_400362 (TH3),0,73,2025-12.20T15:02,2026-01.08T14:00,"18 days,22 hours,58 minutes",Hydro Pumped Storage,,2026-01.08T14:03:23,Issue at unit. Breaker issue ,7,Active,
"Unavailability of electricity facilities, Production",IE | Dublin Bay | GU_400500 (DB1),200,215,2026-01.08T12:45,2026-01.08T21:00,"8 hours,15 minutes",Fossil Gas,,2026-01.08T13:33:09,High Temperature - LT Turbine,2,Active,
"Unavailability of electricity facilities, Production",IE | GU_504120 (GT7),0,326,2026-01.13T06:00,2026-01.15T20:00,"2 days,14 hours",Fossil Gas,,2026-01.08T10:13:28,"Combustion Chamber Inspection
",4,Active,
"Unavailability of electricity facilities, Production",IE | Dublin Bay | GU_400500 (DB1),0,415,2026-01.08T02:26,2026-01.08T09:00,"6 hours,34 minutes",Fossil Gas,,2026-01.08T08:00:28,High Temperature - LT Turbine,2,Active,
"Unavailability of electricity facilities, Production",IE | Tawnaghmore | TAWN1,0,52,2026-01.08T06:45,2026-01.08T08:15,"1 hour,30 minutes",Fossil Gas,,2026-01.08T07:11:48,Plant Fault - Gas Turbine,1,Active,
"Unavailability of electricity facilities, Production",IE | Dublin Bay | GU_400500 (DB1),40,375,2026-01.08T00:18,2026-01.08T02:26,"2 hours,8 minutes",Fossil Gas,,2026-01.08T02:40:48,Unit only available to 40 MW,2,Active,
"Unavailability of electricity facilities, Transmission",Greenlink Interconnector | IE ? GB GB ? IE,"0,0","504,504",2026-01.08T13:00,2026-01.08T20:00,7 hours,,Greenlink Interconnector Limited,2026-01.07T23:43:32,,2,Dismissed,Change required to REMIT update
"Unavailability of electricity facilities, Production",IE | Dublin Bay | GU_400500 (DB1),0,415,2026-01.01T06:18,2026-01.07T23:59,"6 days,17 hours,41 minutes",Fossil Gas,,2026-01.07T22:26:52,Drum level issues,12,Active,
"Unavailability of electricity facilities, Production",IE | Yellow River,0,101,2026-01.07T12:00,2026-01.07T14:30,"2 hours,30 minutes",Wind Onshore,,2026-01.07T14:28:20,Maintenance,3,Active,
"Unavailability of electricity facilities, Production",IE | Coolkeeragh | GU_500040 (C30),385,40,2026-01.05T16:25,2026-01.07T13:30,"1 day,21 hours,5 minutes",Fossil Gas,,2026-01.07T09:07:14,Mechanical Issues,3,Active,
"Unavailability of electricity facilities, Production",IE | Great Island | Great Island,0,464,2026-01.06T23:50,2026-01.07T16:00,"16 hours,10 minutes",Fossil Gas,,2026-01.06T23:54:01,Plant Fault - Gas Turbine,1,Active,
"Other market information, Market Information",IE | Grange Backup Power Limited,,,2025-12.16T16:00,2026-02.16T00:00,"1 month,30 days,8 hours",,,2026-01.06T16:23:35,"Commercial operation is expected to commence for Grange Backup Power Units -  GU_407560, GU_407570, GU_407580, GU_407590, GU_407600 on 16/02/2026. The units will be commissioning and testing until this date. This message is published on behalf of Grange Backup Power Limited. GU_403450 will commence operation on 01/05/2026.",5,Active,
"Unavailability of electricity facilities, Production",IE | Aghada | GU_400181 (AT11),0,90,2026-01.06T13:17,2026-01.06T14:30,"1 hour,13 minutes",Fossil Gas,,2026-01.06T13:49:02,Tripped during start up ,2,Active,
"Unavailability of electricity facilities, Production",IE | Dublin Waste to Energy,26,36,2026-01.06T06:00,2026-01.06T15:01,"9 hours,1 minute",Waste,,2026-01.05T17:06:03,Unforseen Issues,1,Active,
"Unavailability of electricity facilities, Production",IE | Coolkeeragh,370,108,2026-01.05T16:25,2026-02.02T12:00,"27 days,19 hours,35 minutes",Fossil Gas,,2026-01.05T16:45:11,Mechanical Issues,2,Dismissed,Update information 
"Unavailability of electricity facilities, Production",IE | Edenderry Power Plant | Edenderry Power Plant,100,18,2026-01.02T12:00,2026-01.05T08:14,"2 days,20 hours,14 minutes",Biomass,,2026-01.05T09:01:25,,2,Active,
"Unavailability of electricity facilities, Production",IE | Edenderry Power Plant | Edenderry Power Plant,80,38,2025-12.31T14:30,2026-01.02T11:59,"1 day,21 hours,29 minutes",Biomass,,2026-01.02T11:54:13,,2,Active,
"Unavailability of electricity facilities, Production",IE | Dublin Bay | GU_400500 (DB1),0,415,2025-12.31T16:42,2026-01.01T02:35,"9 hours,53 minutes",Fossil Gas,,2026-01.01T02:40:26,Valve issues,2,Active,
"Unavailability of electricity facilities, Production",IE | Dublin Waste to Energy,26,36,2025-12.28T09:00,2026-01.05T19:01,"8 days,10 hours,1 minute",Waste,,2025-12.31T15:34:05,Unforseen Issues,6,Active,
"Unavailability of electricity facilities, Production",IE | Edenderry Power Plant | Edenderry Power Plant,41,77,2025-12.31T06:00,2025-12.31T14:29,"8 hours,29 minutes",Biomass,,2025-12.31T14:31:53,,2,Active,
"Unavailability of electricity facilities, Production",IE | Edenderry Power Plant | Edenderry Power Plant,41,77,2025-12.31T23:00,2026-01.02T22:59,"1 day,23 hours,59 minutes",Biomass,,2025-12.31T14:31:53,,2,Dismissed,CANCELED to prevent overlaps.
"Unavailability of electricity facilities, Production",IE | Edenderry Power Plant | Edenderry Power Plant,41,77,2025-12.31T23:00,2026-01.02T22:59,"1 day,23 hours,59 minutes",Biomass,,2025-12.31T10:13:00,,2,Dismissed,CANCELED to prevent overlaps.
"Unavailability of electricity facilities, Production",IE | Edenderry Power Plant | Edenderry Power Plant,0,118,2025-12.31T22:59,2026-01.01T07:59,"8 hours,59 minutes",Biomass,,2025-12.30T20:20:12,,2,Dismissed,Plant is attempting to start and available from 06:00am 31/12/2025
"Unavailability of electricity facilities, Production",IE | Edenderry Power Plant | Edenderry Power Plant,0,118,2025-12.26T22:59,2025-12.31T05:59,"4 days,7 hours",Biomass,,2025-12.30T20:09:28,,3,Active,
"Unavailability of electricity facilities, Production",IE | Dublin Bay | GU_400500 (DB1),0,415,2025-12.26T11:52,2025-12.29T11:00,"2 days,23 hours,8 minutes",Fossil Gas,,2025-12.29T09:53:01,"IP control value
Unit has to Ramp up ",5,Active,
"Unavailability of electricity facilities, Production",IE | Dublin Waste to Energy,50,12,2025-12.27T16:50,2025-12.27T19:01,"2 hours,11 minutes",Waste,,2025-12.27T17:29:03,Unforseen Issues,1,Active,
"Unavailability of electricity facilities, Production",IE | Dublin Waste to Energy,55,7,2025-12.27T13:45,2025-12.27T15:31,"1 hour,46 minutes",Waste,,2025-12.27T13:49:03,Unforseen Issues,1,Active,
"Unavailability of electricity facilities, Production",IE | Dublin Waste to Energy,53,9,2025-12.26T11:00,2025-12.26T15:21,"4 hours,21 minutes",Waste,,2025-12.26T14:50:04,Unforseen Issues,2,Active,
"Unavailability of electricity facilities, Production",IE | Edenderry Power Plant | Edenderry Power Plant,60,58,2025-12.23T09:30,2025-12.26T11:59,"3 days,2 hours,29 minutes",Biomass,,2025-12.23T09:16:10,,1,Active,
"Unavailability of electricity facilities, Production",IE | Edenderry Power Plant | Edenderry Power Plant,110,8,2025-12.18T23:00,2025-12.23T09:29,"4 days,10 hours,29 minutes",Biomass,,2025-12.23T09:16:09,,2,Active,
"Unavailability of electricity facilities, Production",IE | Dublin Bay | GU_400500 (DB1),0,415,2025-12.20T08:47,2025-12.23T01:46,"2 days,16 hours,59 minutes",Fossil Gas,,2025-12.23T01:49:13,IP Drum level fault,5,Active,
"Unavailability of electricity facilities, Production",IE | Poolbeg | GU_400324 (PBA),0,232,2025-12.22T05:00,2025-12.22T05:38,38 minutes,Fossil Gas,,2025-12.22T06:08:02,failed to sync - issue with CNI card,1,Active,
"Other market information, Market Information",IE | SQ1,,,2025-12.22T08:00,2025-12.22T09:00,1 hour,,,2025-12.21T20:07:10,Shannonbridge testing @256mW from 08:00-09:00,1,Active,
"Other market information, Market Information",IE | Coolkeeragh,,,2025-12.19T08:00,2025-12.21T15:51,"2 days,7 hours,51 minutes",,,2025-12.21T15:52:19,"C30 Commissioning Test. MW range 0 - 394,
Testing extended into Saturday morning.",7,Active,
"Unavailability of electricity facilities, Production",IE | Coolkeeragh | GU_500040 (C30),0,425,2025-06.27T00:01,2025-12.21T15:51,"5 months,24 days,15 hours,50 minutes",Fossil Gas,,2025-12.21T15:51:48,ST issues subject to OEM confirmation,29,Active,
"Unavailability of electricity facilities, Production",IE | Dublin Waste to Energy,53,9,2025-12.20T16:00,2025-12.20T18:01,"2 hours,1 minute",Waste,,2025-12.20T16:32:03,Unforseen Issues,1,Active,
"Unavailability of electricity facilities, Production",IE | Dublin Waste to Energy,50,12,2025-12.19T15:30,2025-12.19T23:01,"7 hours,31 minutes",Waste,,2025-12.19T18:59:04,Unforseen Issues,2,Active,
"Unavailability of electricity facilities, Production",IE | Cushaling Power Ltd ED5 CPL | Cushaling Power Ltd ED5 CPL,0,58,2025-12.19T17:00,2025-12.19T18:30,"1 hour,30 minutes",Fossil Oil,,2025-12.19T18:42:06,,2,Active,
"Other market information, Market Information",IE | GU_400850 (AD2),,,2025-12.18T18:30,2025-12.19T15:13,"20 hours,43 minutes",,,2025-12.19T15:13:32,AD2 only available on distillate due to gas valve issue.,3,Active,
"Unavailability of electricity facilities, Production",IE | Cushaling Power Ltd ED5 CPL | Cushaling Power Ltd ED5 CPL,0,58,2025-12.19T14:00,2025-12.19T16:59,"2 hours,59 minutes",Fossil Oil,,2025-12.19T13:47:08,,1,Active,
"Unavailability of electricity facilities, Production",IE | Ballylumford CCGT | GU_503720(B31),247,0,2025-12.19T04:30,2025-12.19T13:45,"9 hours,15 minutes",Fossil Gas,,2025-12.19T13:31:33,Main Lub Oil Pump Motor replaced.,2,Active,
"Unavailability of electricity facilities, Production",IE | Dublin Waste to Energy,53,9,2025-12.19T10:00,2025-12.19T11:31,"1 hour,31 minutes",Waste,,2025-12.19T10:31:03,Unforseen Issues,1,Active,
"Unavailability of electricity facilities, Production",IE | Dublin Bay | GU_400500 (DB1),0,415,2025-12.12T08:55,2025-12.19T04:00,"6 days,19 hours,5 minutes",Fossil Gas,,2025-12.19T02:44:53,"IP Drum level fault
",7,Active,
"Unavailability of electricity facilities, Production",IE | Aghada | GU_400850 (AD2),0,449,2025-12.16T18:59,2025-12.18T18:30,"1 day,23 hours,31 minutes",Fossil Gas,,2025-12.18T17:52:40,Control system card failure,5,Active,
"Unavailability of electricity facilities, Production",IE | Edenderry Power Plant | Edenderry Power Plant,0,118,2025-12.26T12:00,2025-12.26T22:59,"10 hours,59 minutes",Biomass,,2025-12.18T16:42:43,,1,Active,
"Unavailability of electricity facilities, Production",IE | Edenderry Power Plant | Edenderry Power Plant,110,8,2025-12.26T11:59,2025-12.26T11:59,,Biomass,,2025-12.18T16:42:42,,3,Active,
"Unavailability of electricity facilities, Production",IE | Tynagh Energy Limited,0,404,2025-12.18T08:00,2025-12.18T16:30,"8 hours,30 minutes",Fossil Gas,,2025-12.18T14:44:47,Replacing Moog on Liquid Fuel control valve. Unit still unavailable on liquid fuel.,5,Active,
"Unavailability of electricity facilities, Production",IE | Edenderry Power Plant | Edenderry Power Plant,110,8,2025-12.12T09:00,2025-12.18T22:59,"6 days,13 hours,59 minutes",Biomass,,2025-12.18T13:00:08,,2,Active,
"Unavailability of electricity facilities, Production",IE | Dublin Waste to Energy,50,12,2025-12.17T17:04,2025-12.17T18:31,"1 hour,27 minutes",Waste,,2025-12.17T17:25:03,Unforseen Issues,1,Active,
"Unavailability of electricity facilities, Production",IE | Tynagh Energy Limited,0,404,2025-12.18T08:00,2025-12.18T18:00,10 hours,Fossil Gas,,2025-12.17T16:47:02,Replacing Moog on Liquid Fuel control valve,2,Dismissed,Updating 
"Other market information, Market Information",IE | Southwall BESS (IS2),,,2025-12.18T05:00,2025-12.18T15:15,"10 hours,15 minutes",,,2025-12.17T15:45:11,"Testing from 05:00 to 15:15.
Test range -30 -30 MW.",1,Active,
"Unavailability of electricity facilities, Production",IE | Moneypoint | GU_400272 (MP3),0,285,2025-12.16T17:30,2025-12.17T22:00,"1 day,4 hours,30 minutes",Fossil Hard coal,,2025-12.16T17:39:52,Circuit Breaker Issues,1,Active,
"Other market information, Market Information",IE | Southwall BESS (IS2),,,2025-12.17T05:00,2025-12.17T13:30,"8 hours,30 minutes",,,2025-12.16T14:24:29,IS2 testing 05:00 - 13:30. Testing range -30 - 30 MW.,1,Active,
"Other market information, Market Information",IE,,,2025-12.16T14:00,2027-06.01T15:00,"1 year,5 months,16 days,1 hour",,,2025-12.16T14:05:34,Derrymeen BESS is planned to be energised June 2027 and will commence commissioning during July 2027. Full commercial operations with 100MW capacity is anticipated September 2027.  Further updates will be published when firm information is available,1,Active,
"Other market information, Market Information",IE | Southwall BESS (IS2),,,2025-12.16T07:15,2025-12.16T12:31,"5 hours,16 minutes",,,2025-12.16T12:31:44,IS2 testing from 07:15 - 10:55. 0 - 30 MW. ,2,Active,
"Other market information, Market Information",IE | Moneypoint 2,,,2025-12.14T06:00,2025-12.15T20:00,"1 day,14 hours",,,2025-12.15T13:35:07,MP2 is testing from 14.12.25 to 15.12.25 with MW Output varying from 5 -200MW,3,Active,
"Unavailability of electricity facilities, Production",IE | Poolbeg | GU_400324 (PBA),150,82,2025-11.26T23:00,2025-12.15T14:30,"18 days,15 hours,30 minutes",Fossil Gas,,2025-12.15T12:35:45,Unit is operating in OCGT mode due to cooling water restrictions.,3,Active,
"Unavailability of electricity facilities, Production",IE | Moneypoint | GU_400270 (MP1),0,285,2025-12.14T10:30,2025-12.23T22:00,"9 days,11 hours,30 minutes",Fossil Hard coal,,2025-12.14T10:29:52,Abatement issue.,1,Active,
"Unavailability of electricity facilities, Production",IE | Moneypoint | GU_400272 (MP3),125,160,2025-12.13T17:15,2025-12.13T19:30,"2 hours,15 minutes",Fossil Hard coal,,2025-12.13T17:02:41,availability change due to testing,2,Active,
"Unavailability of electricity facilities, Production",IE | Huntstown | Huntstown 1 (HNC),0,342,2025-11.22T07:43,2025-12.13T18:00,"21 days,10 hours,17 minutes",Fossil Gas,,2025-12.13T16:55:23,Testing complete at 18:00. Plant fully available. ,9,Active,
"Unavailability of electricity facilities, Production",IE | Moneypoint | GU_400272 (MP3),170,115,2025-12.13T16:50,2025-12.13T17:15,25 minutes,Fossil Hard coal,,2025-12.13T16:53:40,availability change due to testing,1,Active,
"Unavailability of electricity facilities, Production",IE | Moneypoint | GU_400271 (MP2),125,160,2025-12.13T17:15,2025-12.13T17:30,15 minutes,Fossil Hard coal,,2025-12.13T16:49:06,Change in availability due to testing,2,Dismissed,Incorrect Unit
"Unavailability of electricity facilities, Production",IE | Moneypoint | GU_400271 (MP2),170,115,2025-12.13T16:50,2025-12.13T17:15,25 minutes,Fossil Hard coal,,2025-12.13T16:48:47,Load reduced due to testing ,3,Dismissed,Incorrect Unit
"Unavailability of electricity facilities, Production",IE | Cushaling Power Ltd ED5 CPL | Cushaling Power Ltd ED5 CPL,58,0,2025-12.13T11:52,2025-12.16T22:59,"3 days,11 hours,7 minutes",Fossil Oil,,2025-12.13T11:54:41,,1,Active,
"Unavailability of electricity facilities, Production",IE | Cushaling Power Ltd ED5 CPL | Cushaling Power Ltd ED5 CPL,58,0,2025-12.13T11:51,2025-12.13T11:51,,Fossil Oil,,2025-12.13T11:54:41,,2,Active,
"Unavailability of electricity facilities, Production",IE | Cushaling Power Ltd ED5 CPL | Cushaling Power Ltd ED5 CPL,0,58,2025-12.12T15:10,2025-12.13T11:50,"20 hours,40 minutes",Fossil Oil,,2025-12.13T11:52:14,,2,Active,
"Unavailability of electricity facilities, Production",IE | Great Island | Great Island,0,464,2025-12.13T00:33,2025-12.13T10:00,"9 hours,27 minutes",Fossil Gas,,2025-12.13T09:13:36,Plant Fault - Auxiliary Equipment,2,Active,
"Unavailability of electricity facilities, Production",IE | Corduff Flexgen (FG2) | GU_403680,0,64,2025-12.12T14:33,2025-12.12T16:30,"1 hour,57 minutes",Fossil Gas,,2025-12.12T16:31:48,Fuel gas issue,2,Active,
"Unavailability of electricity facilities, Production",IE | Corduff Flexgen (FG2),0,64,2025-12.12T08:57,2025-12.12T09:47,50 minutes,Fossil Gas,,2025-12.12T09:52:53,Fuel gas issue,2,Active,
"Unavailability of electricity facilities, Production",IE | Poolbeg | GU_400325 (PBB),145,87,2025-12.13T07:00,2025-12.13T16:00,9 hours,Fossil Gas,,2025-12.12T09:13:37,Steam turbine unavailable ,2,Dismissed,Outage cancel
"Unavailability of electricity facilities, Production",IE | Edenderry Power Plant | Edenderry Power Plant,110,8,2025-12.08T10:30,2025-12.12T08:59,"3 days,22 hours,29 minutes",Biomass,,2025-12.12T08:06:15,,2,Active,
"Unavailability of electricity facilities, Production",IE | GU_504110 (GT6),0,326,2025-12.11T06:00,2025-12.11T12:10,"6 hours,10 minutes",Fossil Gas,,2025-12.11T12:02:13,Black Start Tests,3,Active,
"Unavailability of electricity facilities, Production",IE | Aughinish Alumina Limited | Sealrock 3 - GU_400120 (SK3),0,85,2025-12.08T06:00,2025-12.11T18:00,"3 days,12 hours",Fossil Gas,,2025-12.10T17:59:21,HP drum inspection.,2,Active,
"Other market information, Market Information",IE | Coolkeeragh,,,2025-12.10T08:00,2025-12.10T17:52,"9 hours,52 minutes",,,2025-12.10T17:55:56,"Update 10.12.25  - Testing cancelled due to trip

C30 will be testing from the 10.12.25 @ 08:00 until the 11.12.25 @ 12:30 with MWs varying from 20 to 394",3,Active,
"Unavailability of electricity facilities, Production",IE | Great Island | Great Island,0,464,2025-12.10T14:16,2025-12.10T18:30,"4 hours,14 minutes",Fossil Gas,,2025-12.10T15:50:50,Plant Fault - Auxiliary Equipment,3,Active,
"Other market information, Market Information",IE | Moneypoint 3,,,2025-12.11T13:00,2025-12.13T22:00,"2 days,9 hours",,,2025-12.10T07:49:42,MP3 is testing from the 11.12.25 to 13.12.25 with the MW output varying from 5-240MWs,1,Active,
"Unavailability of electricity facilities, Production",IE | Dublin Bay | GU_400500 (DB1),0,415,2025-12.09T16:53,2025-12.10T02:30,"9 hours,37 minutes",Fossil Gas,,2025-12.10T01:54:29,Control Valve Fault,4,Active,
"Unavailability of electricity facilities, Production",IE | Ballylumford | GU_500283(BGT1),29,29,2025-12.08T16:00,2025-12.09T16:00,1 day,Fossil Oil,,2025-12.09T16:17:57,,2,Active,
"Other market information, Market Information",IE | Moneypoint,,,2025-12.08T23:00,2025-12.09T22:00,23 hours,,,2025-12.08T18:00:38,MP1 GU_400270 will be testing. Ouput Range 125-240 mws,1,Active,
"Other market information, Market Information",IE | GIL Peaker Profile Park Dublin ,,,2024-06.15T00:00,2026-01.28T00:00,"1 year,7 months,13 days",,,2025-12.08T14:54:27,"In relation to new Capacity 24/25, the forecast latest date for operational testing with respect to Profile Park Peakers GU_403460, GU_405680, GU_405690, GU_405700, GU_405710 is 28/01/26 – Waiting for confirmation of backfeed date. This message is Published by Bord Gais Energy as a market participant.",6,Active,
"Other market information, Market Information",IE | GIL Peaker Athlone ,,,2024-06.15T00:00,2026-04.01T00:00,"1 year,9 months,17 days",,,2025-12.08T14:52:57,"In relation to new Capacity 24/25, the forecast latest date for operational testing with respect to Athlone Peakers GU_404250, GU_405720, GU_405730, GU_405740, GU_405750 is 01/04/26 – Waiting for confirmation of backfeed date. This message is Published by Bord Gais Energy as a market participant.",4,Active,
"Unavailability of electricity facilities, Production",IE | Edenderry Power Plant | Edenderry Power Plant,110,8,2025-12.05T12:00,2025-12.08T10:29,"2 days,22 hours,29 minutes",Biomass,,2025-12.08T10:11:45,,2,Active,
"Other market information, Market Information",IE | Moneypoint,,,2025-12.07T23:00,2025-12.08T23:00,1 day,,,2025-12.08T07:35:08,MP1 GU_400270 will be testing. Expected output range 125-240mws,1,Active,
"Other market information, Market Information",IE | GU_400270 (MP1),,,2025-12.07T06:00,2025-12.07T23:00,17 hours,,,2025-12.07T00:05:49,MP1 is testing from 06;00 until 23;00 the test will run from 0 up to 240mw  ,2,Active,
"Unavailability of electricity facilities, Production",IE | Tynagh Energy Limited,0,404,2025-11.27T09:40,2025-12.06T22:00,"9 days,12 hours,20 minutes",Fossil Gas,,2025-12.06T20:01:02,Reheater steam leak,6,Active,
"Unavailability of electricity facilities, Production",IE | GU_504110 (GT6),0,326,2025-12.06T08:00,2025-12.06T16:35,"8 hours,35 minutes",Fossil Gas,,2025-12.06T16:34:46,Black start tests,2,Active,
"Unavailability of electricity facilities, Production",IE | Kilroot | GU_500825(KGT2),0,29,2025-12.06T08:00,2025-12.06T16:35,"8 hours,35 minutes",Fossil Oil,,2025-12.06T16:34:00,Black Start Tests,2,Active,
"Unavailability of electricity facilities, Production",IE | Ballylumford | GU_500283(BGT1),29,29,2025-12.06T14:00,2025-12.08T16:00,"2 days,2 hours",Fossil Oil,,2025-12.06T14:16:51,,1,Active,
"Unavailability of electricity facilities, Production",IE | Coolkeeragh | GU_500041 (CGT8),0,53,2025-12.06T11:22,2025-12.06T11:28,6 minutes,Fossil Gas,,2025-12.06T11:34:37,High Vibrations,1,Active,
"Unavailability of electricity facilities, Production",IE | Whitegate Power Station | Whitegate Power Station,444,0,2025-12.05T13:45,2025-12.05T18:30,"4 hours,45 minutes",Fossil Gas,,2025-12.05T18:33:27,unit available to sync,3,Active,
"Unavailability of electricity facilities, Production",IE | Edenderry Power Plant | Edenderry Power Plant,105,13,2025-12.04T12:00,2025-12.05T11:59,"23 hours,59 minutes",Biomass,,2025-12.05T10:43:30,,2,Active,
"Unavailability of electricity facilities, Production",IE | GU_504120 (GT7),0,326,2025-11.24T23:48,2025-12.04T18:00,"9 days,18 hours,12 minutes",Fossil Gas,,2025-12.04T18:05:30,,5,Active,
"Unavailability of electricity facilities, Production",IE | Dublin Waste to Energy,48,14,2025-12.04T08:30,2025-12.04T21:01,"12 hours,31 minutes",Waste,,2025-12.04T17:19:04,Unforseen Issues,4,Active,
"Unavailability of electricity facilities, Production",IE | Edenderry Power Plant | Edenderry Power Plant,100,18,2025-12.04T07:05,2025-12.04T11:59,"4 hours,54 minutes",Biomass,,2025-12.04T11:58:53,,2,Active,
"Unavailability of electricity facilities, Production",IE | Dublin Waste to Energy,22,40,2025-11.23T20:00,2025-12.03T07:46,"9 days,11 hours,46 minutes",Waste,,2025-12.03T07:27:04,Unforseen Issues,5,Active,
"Unavailability of electricity facilities, Production",IE | Poolbeg | GU_400325 (PBB),150,82,2025-11.26T23:00,2025-12.02T21:10,"5 days,22 hours,10 minutes",Fossil Gas,,2025-12.02T21:14:32,Unit is operating on OCGT mode due to cooling water restrictions.,4,Active,
"Unavailability of electricity facilities, Production",IE | Cloncreen Wind Farm Supply DAC - BESS | Cloncreen Wind Farm Supply DAC - BESS,0,25,2025-12.05T10:00,2025-12.05T12:59,"2 hours,59 minutes",Other,,2025-12.02T17:32:52,,1,Active,
"Other market information, Market Information",IE | Aghada,,,2025-12.03T11:00,2025-12.03T17:00,6 hours,,,2025-12.02T11:46:26,"AD2 testing Measurement of exhaust stack volumetric flow rate (minimum to maximum load) for QAL2 verification testing of CEMS calculated exhaust stack flow rate.		
MW range (120 - 430)

	
		
",1,Active,
"Unavailability of electricity facilities, Production",IE | Ballylumford | GU_500284(BGT2),0,58,2026-01.19T06:00,2026-01.28T18:00,"9 days,12 hours",Fossil Oil,,2025-12.01T15:33:25,Borescope Inspection,2,Active,
"Unavailability of electricity facilities, Production",IE | Edenderry Power Plant | Edenderry Power Plant,118,0,2025-12.01T14:35,2025-12.03T22:59,"2 days,8 hours,24 minutes",Biomass,,2025-12.01T14:36:39,,1,Active,
"Unavailability of electricity facilities, Production",IE | Edenderry Power Plant | Edenderry Power Plant,42,76,2025-12.01T11:30,2025-12.01T14:34,"3 hours,4 minutes",Biomass,,2025-12.01T14:36:39,,2,Active,
"Unavailability of electricity facilities, Production",IE | Edenderry Power Plant | Edenderry Power Plant,41,77,2025-12.01T10:30,2025-12.01T11:29,59 minutes,Biomass,,2025-12.01T11:18:47,,2,Active,
"Unavailability of electricity facilities, Production",IE | Edenderry Power Plant | Edenderry Power Plant,42,76,2025-11.30T00:12,2025-12.01T10:29,"1 day,10 hours,17 minutes",Biomass,,2025-12.01T10:27:14,,2,Active,
"Unavailability of electricity facilities, Production",IE | Moneypoint | GU_400270 (MP1),0,285,2025-12.01T10:14,2025-12.02T18:00,"1 day,7 hours,46 minutes",Fossil Hard coal,,2025-12.01T10:18:25,Turbine Drain Issue ,1,Active,
"Unavailability of electricity facilities, Production",IE | Tawnaghmore | TAWN1,0,52,2025-12.01T07:41,2025-12.01T09:00,"1 hour,19 minutes",Fossil Gas,,2025-12.01T08:55:52,Plant Fault - Gas Turbine,2,Active,
"Unavailability of electricity facilities, Production",IE | Tawnaghmore | TAWN3,0,52,2025-12.01T07:58,2025-12.01T07:59,1 minute,Fossil Gas,,2025-12.01T08:04:39,Plant Fault - Gas Turbine,3,Active,
"Unavailability of electricity facilities, Production",IE | Dublin Bay | GU_400500 (DB1),0,415,2025-11.28T17:45,2025-11.29T20:30,"1 day,2 hours,45 minutes",Fossil Gas,,2025-11.29T19:51:01,Bearing temperature fault,4,Active,
"Unavailability of electricity facilities, Production",IE | Kilroot | GU_500825(KGT2),0,29,2025-11.25T16:05,2025-11.28T18:38,"3 days,2 hours,33 minutes",Fossil Oil,,2025-11.28T18:46:37,,4,Active,
"Unavailability of electricity facilities, Production",IE | Kilroot | GU_500824 (KGT1),0,29,2025-11.25T16:58,2025-11.28T13:55,"2 days,20 hours,57 minutes",Fossil Oil,,2025-11.28T14:09:09,,4,Active,
"Unavailability of electricity facilities, Production",IE | Dublin Bay | GU_400500 (DB1),0,415,2025-11.22T18:14,2025-11.28T14:00,"5 days,19 hours,46 minutes",Fossil Gas,,2025-11.28T13:10:18,"Gas Flow Meter failing
Followed by GT valve failure on start",5,Active,
"Unavailability of electricity facilities, Production",IE | GU_504120 (GT7),0,326,2025-11.24T23:48,2025-11.28T08:19,"3 days,8 hours,31 minutes",Fossil Gas,,2025-11.28T09:39:34,,6,Dismissed,Was entered as a planned event. New nordpool entry created as a failure.
"Other market information, Market Information",IE | Supplier Unit,,,2025-10.25T23:00,2025-10.26T23:00,1 day,,,2025-11.27T14:45:27,"Incorrect bids for delivery date 26th October 2025 were submitted to the IDA1 in ISEM. 
These incorrect bids lead to a volume of 676.5 MW on average between the event times detailed. 
This resulted in a minimum of 545.9 MW and a maximum of 710.7 MW being bought within this timeframe.",1,Active,
"Other market information, Market Information",IE | Corduff Flexgen (FG2),,,2025-11.27T09:30,2025-11.27T17:00,"7 hours,30 minutes",,,2025-11.26T18:47:38,Corduff is testing with output between 23MW and 63MW,1,Active,
"Unavailability of electricity facilities, Production",IE | Poolbeg Flexgen (PB7),0,64,2025-11.26T10:03,2025-11.26T10:55,52 minutes,Fossil Gas,,2025-11.26T10:57:35,Gas Oil Compressor - Low Oil Level. ,2,Active,
"Unavailability of electricity facilities, Production",IE | Poolbeg | GU_400325 (PBB),125,107,2025-11.25T21:00,2025-11.26T23:00,"1 day,2 hours",Fossil Gas,,2025-11.26T09:21:23,Cooling water restrictions,4,Active,
"Unavailability of electricity facilities, Production",IE | Poolbeg | GU_400324 (PBA),125,107,2025-11.25T21:00,2025-11.26T23:00,"1 day,2 hours",Fossil Gas,,2025-11.26T09:20:46,Cooling water restrictions,4,Active,
"Unavailability of electricity facilities, Production",IE | Poolbeg Flexgen (PB7),0,64,2025-11.26T07:00,2025-11.28T19:00,"2 days,12 hours",Fossil Gas,,2025-11.26T06:15:44,End-of-warranty inspections on the grid transformer,2,Dismissed,Cancelled by Grid due to issues with tightness of availability in Market.
"Unavailability of electricity facilities, Production",IE | Poolbeg BESS | GU_403660,0,75,2025-11.26T07:00,2025-11.28T19:00,"2 days,12 hours",Other,,2025-11.26T06:15:21,End-of-warranty inspections on the grid transformer,2,Dismissed,Cancelled by Grid due to issues with tightness of availability in Market.
"Other market information, Market Information",IE | Poolbeg,,,2025-11.19T13:50,2025-12.10T17:00,"21 days,3 hours,10 minutes",,,2025-11.25T18:53:45,Poolbeg (A+B) are restricted to 420MW output as there is an issue with a cooling water pump,4,Dismissed,Duplicate
"Unavailability of electricity facilities, Production",IE | Aghada | GU_400181 (AT11),0,90,2025-11.25T07:40,2025-11.25T16:40,9 hours,Fossil Gas,,2025-11.25T16:19:27,Start issue,2,Active,
"Unavailability of electricity facilities, Production",IE | Yellow River,0,101,2025-11.25T14:00,2025-11.25T14:15,15 minutes,Wind Onshore,,2025-11.25T14:02:47,Maintenance,2,Dismissed,Only a test message
"Unavailability of electricity facilities, Production",IE | Ringsend Flexgen (IS3),23,41,2025-11.25T07:27,2025-11.25T07:55,28 minutes,Fossil Gas,,2025-11.25T07:55:28,"Unknown issue, investigating.",2,Active,
"Other market information, Market Information",IE,,,2025-11.24T13:30,2025-11.24T13:35,5 minutes,,,2025-11.24T13:34:12,Test message for Derrymeen BESS.  ,2,Active,
"Unavailability of electricity facilities, Production",IE | Kilroot | GU_500821 (KGT4),0,41,2025-11.22T08:00,2025-11.23T18:15,"1 day,10 hours,15 minutes",Fossil Oil,,2025-11.23T18:11:17,KGT1-4 Common Exhaust Stack Maintenance. Outage Complete,2,Active,
"Unavailability of electricity facilities, Production",IE | Kilroot | GU_500820 (KGT3),0,41,2025-11.22T08:00,2025-11.23T18:15,"1 day,10 hours,15 minutes",Fossil Oil,,2025-11.23T18:09:55,KGT1-4 Common Exhaust Stack Maintenance. Outage Complete,2,Active,
"Unavailability of electricity facilities, Production",IE | Kilroot | GU_500825(KGT2),0,29,2025-11.22T08:00,2025-11.23T17:00,"1 day,9 hours",Fossil Oil,,2025-11.23T16:53:05,KGT1-4 Common Exhaust Stack Maintenance. Outage Complete,2,Active,
"Unavailability of electricity facilities, Production",IE | Kilroot | GU_500824 (KGT1),0,29,2025-11.22T08:00,2025-11.23T17:00,"1 day,9 hours",Fossil Oil,,2025-11.23T16:52:20,KGT1-4 Common Exhaust Stack Maintenance. Outage Complete,2,Active,
"Other market information, Market Information",IE,,,2025-11.22T11:25,2027-02.28T11:25,"1 year,3 months,6 days",,,2025-11.22T11:27:07,It is expected that Drumnahough commissioning will start in Q2 2027. It is expected that there will be a steady increase in installed capacity through to the total capacity of 58MW being available during Q4 2027. As relevant details of the commissioning plans become firmer REMIT will be updated.,1,Active,
"Unavailability of electricity facilities, Production",IE | Huntstown | Huntstown 1 (HNC),0,342,2025-11.21T21:10,2025-11.21T22:30,"1 hour,20 minutes",Fossil Gas,,2025-11.21T21:19:42,End time is the best estimate at this stage and update as more information becomes available,1,Active,
"Unavailability of electricity facilities, Production",IE | Kilroot | GU_500821 (KGT4),0,41,2025-11.21T01:20,2025-11.21T12:00,"10 hours,40 minutes",Fossil Oil,,2025-11.21T01:33:56,Fire protection systems issue ,1,Active,
"Unavailability of electricity facilities, Production",IE | Dublin Waste to Energy,22,40,2025-11.15T21:30,2025-11.20T13:01,"4 days,15 hours,31 minutes",Waste,,2025-11.19T16:28:04,Unforseen Issues,11,Active,
"Unavailability of electricity facilities, Production",IE | GU_504110 (GT6),0,326,2025-11.19T10:00,2025-11.19T16:00,6 hours,Fossil Gas,,2025-11.19T15:58:19,Black start checks,4,Active,
"Other market information, Market Information",IE | Rhode,,,2025-12.01T08:00,2025-12.05T17:00,"4 days,9 hours",,Rhode,2025-11.19T15:40:44,Rhode PCP will be unable to export due to transmission system Capex works from 01/12/2025 (08:00) to 05/12/2025 (17:00). Eirgrid have confirmed that both RP1 and RP2 are outturn available for the duration of this outage. For the avoidance of doubt this means that the units are commercially available and can be traded into the market. Dates / times of this outage are subject to the discretion of the TSO and may change. ,3,Active,
"Other market information, Market Information",IE | Rhode,,,2025-12.01T08:00,2025-12.05T17:00,"4 days,9 hours",,Rhode,2025-11.19T15:32:15,Rhode PCP will be unable to export due to transmission system Capex works from 01/12/2025 (08:00) to 05/12/2025 (17:00). Eirgrid have confirmed that both RP1 and RP2 are outturn available for the duration of this outage. For the avoidance of doubt this means that the units are commercially available and can be traded into the market. Dates / times of this outage are subject to the discretion of the TSO and may change. ,3,Active,
"Unavailability of electricity facilities, Production",IE | Poolbeg | GU_400324 (PBA),200,32,2025-11.15T13:52,2025-11.19T13:50,"3 days,23 hours,58 minutes",Fossil Gas,,2025-11.19T13:52:53,Reduced availability - Cooling water drum screen damage. ,2,Active,
"Unavailability of electricity facilities, Production",IE | Tynagh Energy Limited,0,404,2025-08.22T20:00,2025-11.18T21:30,"2 months,27 days,1 hour,30 minutes",Fossil Gas,,2025-11.18T19:24:37,Scheduled Tynagh CCGT Planned Major 2025 Outage,7,Active,
"Other market information, Market Information",IE | Aghada,,,2025-11.18T11:56,2025-12.12T17:00,"24 days,5 hours,4 minutes",,,2025-11.18T12:02:08,"All three Aghada peakers, GU_400181/182/183, are unable to run on diesel until the 12th of Dec",1,Active,
"Other market information, Market Information",IE | Ardnacrusha AA2,,,2025-11.18T09:00,2025-11.18T19:00,10 hours,,,2025-11.17T17:10:39,Ardnacrusha AA2 plans to test in the times noted.,1,Active,
"Other market information, Market Information",IE | Poolbeg PB7,,,2025-11.18T14:00,2025-11.18T19:30,"5 hours,30 minutes",,,2025-11.17T17:08:36,Poolbeg PB7 FlexGen unit is to test in the times noted.,1,Active,
"Unavailability of electricity facilities, Production",IE | Aghada | GU_400182 (AT12),0,90,2025-11.03T06:45,2025-11.14T16:20,"11 days,9 hours,35 minutes",Fossil Gas,,2025-11.14T16:35:29,CO2 firefighting system failure,6,Active,
"Unavailability of electricity facilities, Production",IE | Moneypoint | GU_400272 (MP3),0,285,2025-11.06T16:30,2025-11.19T22:00,"13 days,5 hours,30 minutes",Fossil Hard coal,,2025-11.14T12:34:06,Outage,2,Active,
"Other market information, Market Information",IE | Aghada,,,2025-11.17T00:01,2025-11.28T23:59,"11 days,23 hours,58 minutes",,,2025-11.14T10:10:07,AD2 will be unavailable on secondary fuel during this time,2,Dismissed,Date change to follow. 
"Unavailability of electricity facilities, Production",IE | Ballylumford CCGT | GU_503720(B31),0,247,2025-11.13T21:00,2025-11.14T02:00,5 hours,Fossil Gas,,2025-11.14T01:45:43,Generator Brushgear Maintenance ,2,Active,
"Unavailability of electricity facilities, Production",IE | Tawnaghmore | TAWN3,0,52,2025-11.06T06:39,2025-11.13T17:13,"7 days,10 hours,34 minutes",Fossil Gas,,2025-11.13T17:46:22,Plant Fault - Gas Turbine,4,Active,
"Unavailability of electricity facilities, Production",IE | Kilroot | GU_500824 (KGT1),0,29,2025-11.12T18:00,2025-11.13T20:00,"1 day,2 hours",Fossil Oil,,2025-11.13T16:39:34,KGT1 Generator Transformer Cooler Commissioning ,2,Active,
"Unavailability of electricity facilities, Production",IE | Huntstown | Huntstown 1 (HNC),342,0,2025-11.15T08:00,2025-11.15T13:30,"5 hours,30 minutes",Fossil Gas,,2025-11.13T15:12:06,Unit will be under test at various loads between  256MW and 340MW for duration of tuning,2,Dismissed,Testing cancelled
"Unavailability of electricity facilities, Production",IE | Whitegate Power Station | Whitegate Power Station,0,444,2025-11.13T23:00,2025-11.16T11:00,"2 days,12 hours",Fossil Gas,,2025-11.13T10:37:07,Gas Purge Valve repair & other remedial works ,1,Active,
"Unavailability of electricity facilities, Production",IE | Edenderry Power Plant | Edenderry Power Plant,118,0,2025-11.11T09:30,2025-11.19T22:59,"8 days,13 hours,29 minutes",Biomass,,2025-11.11T09:25:25,,1,Active,
"Unavailability of electricity facilities, Production",IE | Edenderry Power Plant | Edenderry Power Plant,110,8,2025-11.10T07:55,2025-11.11T09:29,"1 day,1 hour,34 minutes",Biomass,,2025-11.11T09:25:25,,2,Active,
"Other market information, Market Information",IE | Aghada,,,2025-09.17T18:00,2025-11.10T14:00,"1 month,23 days,20 hours",,,2025-11.10T13:05:48,"All three Aghada CT Peaker Units can only run on diesel fuel due to corrosion issues on pipes.

",5,Active,
"Unavailability of electricity facilities, Production",IE | Dublin Bay | GU_400500 (DB1),0,415,2025-11.14T22:00,2025-11.21T20:00,"6 days,22 hours",Fossil Gas,,2025-11.10T09:59:47,"Repairs to secondary fuel system to return availability 
OTC door leak repair
GT works",2,Dismissed,Repairs completed during earlier outage. 
"Unavailability of electricity facilities, Production",IE | Cloncreen Wind Farm Supply DAC - BESS | Cloncreen Wind Farm Supply DAC - BESS,23,2,2025-11.10T09:14,2025-11.10T17:59,"8 hours,45 minutes",Other,,2025-11.10T09:14:00,,1,Active,
"Unavailability of electricity facilities, Production",IE | Edenderry Power Plant | Edenderry Power Plant,80,38,2025-11.08T06:45,2025-11.10T07:54,"2 days,1 hour,9 minutes",Biomass,,2025-11.10T07:57:22,,2,Active,
"Unavailability of electricity facilities, Production",IE | Dublin Bay | GU_400500 (DB1),0,415,2025-10.31T22:00,2025-11.08T16:50,"7 days,18 hours,50 minutes",Fossil Gas,,2025-11.08T17:07:24,Gas turbine exhaust issues. ,3,Active,
"Unavailability of electricity facilities, Production",IE | Edenderry Power Plant | Edenderry Power Plant,65,53,2025-11.08T02:03,2025-11.08T06:44,"4 hours,41 minutes",Biomass,,2025-11.08T06:47:38,,2,Active,
"Unavailability of electricity facilities, Production",IE | Edenderry Power Plant | Edenderry Power Plant,50,68,2025-11.07T16:00,2025-11.08T02:02,"10 hours,2 minutes",Biomass,,2025-11.08T02:05:43,,2,Active,
"Unavailability of electricity facilities, Production",IE | Dublin Waste to Energy,45,17,2025-11.07T21:15,2025-11.07T22:01,46 minutes,Waste,,2025-11.07T21:24:03,Unforseen Issues,1,Active,
"Unavailability of electricity facilities, Production",IE | Edenderry Power Plant | Edenderry Power Plant,41,77,2025-11.07T10:10,2025-11.07T15:59,"5 hours,49 minutes",Biomass,,2025-11.07T15:22:22,,2,Active,
"Unavailability of electricity facilities, Production",IE | Kilroot | GU_500825(KGT2),0,29,2025-11.18T08:26,2025-12.31T23:59,"1 month,13 days,15 hours,33 minutes",Fossil Oil,,2025-11.07T12:31:19,Breach of permit.,4,Dismissed,receipt of permit variation for KGT60/70
"Unavailability of electricity facilities, Production",IE | Kilroot | GU_500824 (KGT1),0,29,2025-11.18T08:26,2025-12.31T23:59,"1 month,13 days,15 hours,33 minutes",Fossil Oil,,2025-11.07T12:31:03,Breach of permit.,3,Dismissed,receipt of permit variation for KGT60/70
"Unavailability of electricity facilities, Production",IE | Kilroot | GU_500820 (KGT3),0,41,2025-11.18T08:26,2025-12.31T23:59,"1 month,13 days,15 hours,33 minutes",Fossil Oil,,2025-11.07T12:30:34,Breach of permit.,3,Dismissed,receipt of permit variation for KGT60/70
"Unavailability of electricity facilities, Production",IE | Kilroot | GU_500821 (KGT4),0,41,2025-11.18T08:26,2025-12.31T23:59,"1 month,13 days,15 hours,33 minutes",Fossil Oil,,2025-11.07T12:30:13,Breach of permit.,3,Dismissed,receipt of permit variation for KGT60/70
"Unavailability of electricity facilities, Production",IE | GU_504120 (GT7),0,326,2025-11.14T07:55,2025-12.31T23:59,"1 month,17 days,16 hours,4 minutes",Fossil Gas,,2025-11.07T12:27:56,Breach of Permit.,3,Dismissed,Based on receipt of permit variation
"Unavailability of electricity facilities, Production",IE | GU_504110 (GT6),0,326,2025-11.14T07:55,2025-12.31T23:59,"1 month,17 days,16 hours,4 minutes",Fossil Gas,,2025-11.07T12:25:41,Breach of Permit.,3,Dismissed,Based on receipt of permit variation
"Unavailability of electricity facilities, Production",IE | Tarbert | Tarbert TEG 2,97,50,2025-11.11T08:00,2025-11.12T17:00,"1 day,9 hours",Fossil Oil,,2025-11.07T11:17:47,Planned Outage,1,Active,
"Unavailability of electricity facilities, Production",IE | Edenderry Power Plant | Edenderry Power Plant,41,77,2025-11.06T10:00,2025-11.07T10:09,"1 day,9 minutes",Biomass,,2025-11.07T10:07:53,,2,Active,
"Unavailability of electricity facilities, Production",IE | Dublin Waste to Energy,52,10,2025-11.06T18:45,2025-11.06T20:01,"1 hour,16 minutes",Waste,,2025-11.06T18:55:03,Unforseen Issues,1,Active,
"Unavailability of electricity facilities, Production",IE | Edenderry Power Plant | Edenderry Power Plant,41,77,2025-11.05T23:00,2025-11.06T09:59,"10 hours,59 minutes",Biomass,,2025-11.06T09:32:07,,2,Active,
"Unavailability of electricity facilities, Production",IE | Cloncreen Wind Farm Supply DAC - BESS | Cloncreen Wind Farm Supply DAC - BESS,24,1,2025-11.07T08:00,2025-11.07T15:59,"7 hours,59 minutes",Other,,2025-11.05T11:55:45,,1,Active,
"Unavailability of electricity facilities, Production",IE | Whitegate Power Station | Whitegate Power Station,350,94,2025-11.04T23:15,2025-11.05T00:25,"1 hour,10 minutes",Fossil Gas,,2025-11.05T00:30:12,Gas pressure issue. Issue was with GNI.,4,Active,
"Unavailability of electricity facilities, Production",IE | Aghada | GU_400850 (AD2),250,199,2025-11.04T23:07,2025-11.04T23:42,35 minutes,Fossil Gas,,2025-11.04T23:46:23,GAS LINE ISSUE  with GNI,2,Active,
"Unavailability of electricity facilities, Production",IE | Dublin Waste to Energy,54,8,2025-11.04T14:45,2025-11.04T16:01,"1 hour,16 minutes",Waste,,2025-11.04T14:49:03,Unforseen Issues,1,Active,
"Unavailability of electricity facilities, Production",IE | Edenderry Power Plant | Edenderry Power Plant,41,77,2025-11.04T23:00,2025-11.05T22:59,"23 hours,59 minutes",Biomass,,2025-11.04T09:39:27,,1,Active,
"Unavailability of electricity facilities, Production",IE | Whitegate Power Station | Whitegate Power Station,0,444,2025-11.04T02:30,2025-11.04T03:34,"1 hour,4 minutes",Fossil Gas,,2025-11.04T04:23:54,Unit declared available from 03:34,2,Active,
"Unavailability of electricity facilities, Production",IE | Turlough Hill | GU_400363 (TH4),0,73,2025-11.03T06:52,2025-11.03T14:10,"7 hours,18 minutes",Hydro Pumped Storage,,2025-11.03T14:10:50,Inlet valve issue,3,Active,
"Unavailability of electricity facilities, Production",IE | Edenderry Power Plant | Edenderry Power Plant,41,77,2025-11.03T23:00,2025-11.04T22:59,"23 hours,59 minutes",Biomass,,2025-11.03T09:29:14,,1,Active,
"Unavailability of electricity facilities, Production",IE | Ballylumford CCGT | GU_503720(B31),0,247,2025-11.01T04:00,2025-11.01T17:18,"13 hours,18 minutes",Fossil Gas,,2025-11.01T17:54:22,,2,Active,
"Unavailability of electricity facilities, Production",IE | Ballylumford CCGT | GU_503730(B32),161,86,2025-10.31T00:00,2025-11.01T18:00,"1 day,18 hours",Fossil Gas,,2025-10.31T14:46:39,,2,Active,
"Unavailability of electricity facilities, Production",IE | Ballylumford CCGT | GU_503720(B31),161,86,2025-10.30T15:35,2025-11.01T03:59,"1 day,12 hours,24 minutes",Fossil Gas,,2025-10.31T14:44:23,,2,Active,
"Unavailability of electricity facilities, Production",IE | Edenderry Power Plant | Edenderry Power Plant,41,77,2025-10.31T23:00,2025-11.03T22:59,"2 days,23 hours,59 minutes",Biomass,,2025-10.31T08:08:32,,1,Active,
"Unavailability of electricity facilities, Production",IE | Yellow River,0,101,2025-10.24T12:03,2025-10.30T18:00,"6 days,5 hours,57 minutes",Wind Onshore,,2025-10.30T16:51:38,Grid,5,Active,
"Unavailability of electricity facilities, Production",IE | Poolbeg | GU_400324 (PBA),152,80,2025-10.30T10:00,2025-10.30T13:05,"3 hours,5 minutes",Fossil Gas,,2025-10.30T13:07:09,STMO - Partial outage,2,Active,
"Unavailability of electricity facilities, Production",IE | Turlough Hill | GU_400362 (TH3),0,73,2025-10.29T14:30,2025-10.29T17:09,"2 hours,39 minutes",Hydro Pumped Storage,,2025-10.29T17:09:24,Unit only available to pump,2,Active,
"Unavailability of electricity facilities, Production",IE | Turlough Hill | GU_400362 (TH3),0,73,2025-10.29T14:00,2025-10.29T14:30,30 minutes,Hydro Pumped Storage,,2025-10.29T15:33:57,Unit unavailable for pumping and generation. ,2,Active,
"Unavailability of electricity facilities, Production",IE | Turlough Hill | GU_400362 (TH3),0,73,2025-10.28T14:00,2025-10.29T14:00,1 day,Hydro Pumped Storage,,2025-10.29T13:42:53,Speed sensor failure. Unit only available for pumping,3,Active,
"Other market information, Market Information",IE | Turlough Hill,,,2025-10.27T22:00,2025-10.29T14:00,"1 day,16 hours",,,2025-10.29T13:28:44,All 4 Units unavailable for pumping due to upper reservoir liner repairs. Generation remains available during this period of the test.,3,Active,
"Unavailability of electricity facilities, Production",IE | Turlough Hill | GU_400360 (TH1),0,73,2025-10.23T11:00,2025-10.29T14:00,"6 days,3 hours",Hydro Pumped Storage,,2025-10.29T13:26:28,Upper reservoir liner repairs. Available for Black Start generation only,5,Active,
"Unavailability of electricity facilities, Production",IE | Turlough Hill | GU_400361 (TH2),0,73,2025-10.23T11:00,2025-10.29T14:00,"6 days,3 hours",Hydro Pumped Storage,,2025-10.29T13:25:39,Upper reservoir liner repairs. Available for Black Start generation only,4,Active,
"Unavailability of electricity facilities, Production",IE | Turlough Hill | GU_400363 (TH4),0,73,2025-10.23T11:00,2025-10.30T14:00,"7 days,3 hours",Hydro Pumped Storage,,2025-10.29T13:24:07,Upper reservoir liner repairs. Available for Black Start generation only,5,Active,
"Unavailability of electricity facilities, Production",IE | Turlough Hill | GU_400362 (TH3),0,73,2025-10.23T11:00,2025-10.29T14:00,"6 days,3 hours",Hydro Pumped Storage,,2025-10.29T13:23:03,Upper reservoir liner repairs. Available for Black Start generation only,3,Active,
"Unavailability of electricity facilities, Production",IE | Great Island | Great Island,0,464,2025-10.29T11:33,2025-10.29T14:00,"2 hours,27 minutes",Fossil Gas,,2025-10.29T11:39:38,Plant Fault - HRSG,1,Active,
"Unavailability of electricity facilities, Production",IE | Whitegate Power Station | Whitegate Power Station,0,444,2025-10.29T07:57,2025-10.29T10:10,"2 hours,13 minutes",Fossil Gas,,2025-10.29T10:13:12,Valve issue resolved,2,Active,
"Unavailability of electricity facilities, Production",IE | Ballylumford | GU_500284(BGT2),0,58,2025-10.28T08:00,2025-10.28T17:48,"9 hours,48 minutes",Fossil Oil,,2025-10.28T17:49:23,GT Temporary Battery Install Completed,2,Active,
"Other market information, Market Information",IE | Turlough Hill ,,,2025-10.28T14:00,2025-10.28T23:00,9 hours,,,2025-10.28T14:27:15,Unit 3 unavailable to pump. ,2,Dismissed,Unit unavailable for pumping 
"Unavailability of electricity facilities, Production",IE | Turlough Hill | GU_400362 (TH3),0,73,2025-10.28T08:43,2025-10.28T14:00,"5 hours,17 minutes",Hydro Pumped Storage,,2025-10.28T13:58:55,Speed Sensor Failure. Unit fully unavailable to generate or pump. ,4,Active,
"Unavailability of electricity facilities, Production",IE | Edenderry Power Plant | Edenderry Power Plant,41,77,2025-10.28T23:00,2025-10.31T22:59,"2 days,23 hours,59 minutes",Biomass,,2025-10.28T10:36:43,,1,Active,
"Unavailability of electricity facilities, Production",IE | Edenderry Power Plant | Edenderry Power Plant,110,8,2025-10.28T22:59,2025-10.28T22:59,,Biomass,,2025-10.28T10:36:43,,3,Active,
"Unavailability of electricity facilities, Production",IE | Turlough Hill | GU_400362 (TH3),0,73,2025-10.17T19:30,2025-10.28T08:43,"10 days,13 hours,13 minutes",Hydro Pumped Storage,,2025-10.28T08:51:25,"Unit only available to pump.
Speed sensor failure.",10,Active,
"Unavailability of electricity facilities, Production",IE | Huntstown | Huntstown 1 (HNC),0,342,2025-10.27T07:00,2025-10.27T16:50,"9 hours,50 minutes",Fossil Gas,,2025-10.27T16:49:58,Testing is now complete.,3,Active,
"Unavailability of electricity facilities, Production",IE | Dublin Waste to Energy,45,17,2025-10.26T07:30,2025-10.26T14:01,"6 hours,31 minutes",Waste,,2025-10.26T12:47:04,Unforseen Issues,2,Active,
"Unavailability of electricity facilities, Production",IE | Dublin Waste to Energy,50,12,2025-10.24T23:00,2025-10.25T11:01,"12 hours,1 minute",Waste,,2025-10.25T07:55:07,Unforseen Issues,2,Active,
"Unavailability of electricity facilities, Production",IE | Cloncreen Wind Farm Supply DAC - BESS | Cloncreen Wind Farm Supply DAC - BESS,23,2,2025-10.24T13:00,2025-10.24T13:59,59 minutes,Other,,2025-10.24T11:13:02,,1,Active,
"Unavailability of electricity facilities, Production",IE | Edenderry Power Plant | Edenderry Power Plant,41,77,2025-10.24T23:00,2025-10.28T22:59,"3 days,23 hours,59 minutes",Biomass,,2025-10.24T09:42:20,,1,Active,
"Unavailability of electricity facilities, Production",IE | Edenderry Power Plant | Edenderry Power Plant,50,68,2025-10.24T22:59,2025-10.24T22:59,,Biomass,,2025-10.24T09:42:19,,2,Active,
"Unavailability of electricity facilities, Production",IE | Edenderry Power Plant | Edenderry Power Plant,41,77,2025-10.23T21:00,2025-10.24T22:59,"1 day,1 hour,59 minutes",Biomass,,2025-10.23T21:01:01,,1,Active,
"Unavailability of electricity facilities, Production",IE | Edenderry Power Plant | Edenderry Power Plant,50,68,2025-10.23T17:00,2025-10.23T20:59,"3 hours,59 minutes",Biomass,,2025-10.23T21:01:01,,2,Active,
"Unavailability of electricity facilities, Production",IE | Aghada | GU_400182 (AT12),0,90,2025-10.23T06:00,2025-10.23T19:30,"13 hours,30 minutes",Fossil Gas,,2025-10.23T19:42:03,STMO,2,Active,
"Unavailability of electricity facilities, Production",IE | Aghada | GU_400181 (AT11),0,90,2025-10.23T06:00,2025-10.23T19:30,"13 hours,30 minutes",Fossil Gas,,2025-10.23T19:41:34,STMO,2,Active,
"Unavailability of electricity facilities, Production",IE | Ballylumford CCGT | GU_503730(B32),0,247,2025-10.17T19:00,2025-10.23T18:04,"5 days,23 hours,4 minutes",Fossil Gas,,2025-10.23T18:13:51,,8,Active,
"Unavailability of electricity facilities, Production",IE | Corduff Flexgen (FG2),0,64,2025-10.22T19:58,2025-10.23T11:20,"15 hours,22 minutes",Fossil Gas,,2025-10.23T11:23:42,Protection Relay Issue. ,3,Active,
"Unavailability of electricity facilities, Production",IE | Edenderry Power Plant | Edenderry Power Plant,110,8,2025-10.23T16:59,2025-10.23T16:59,,Biomass,,2025-10.23T09:25:26,,2,Active,
"Unavailability of electricity facilities, Production",IE | Aghada 02B BESS (AD5) | AD5 (02B GU_404920),0,75,2025-10.22T20:00,2025-10.22T21:58,"1 hour,58 minutes",Other,,2025-10.22T22:16:32,Breaker Open.,3,Active,
"Unavailability of electricity facilities, Production",IE | Coolkeeragh | GU_500041 (CGT8),0,53,2025-10.22T20:06,2025-10.22T20:40,34 minutes,Fossil Gas,,2025-10.22T20:52:40,Trip on sync due to vibration issues. ,1,Active,
"Unavailability of electricity facilities, Production",IE | Poolbeg | GU_400324 (PBA),152,80,2025-10.21T21:50,2025-10.22T10:34,"12 hours,44 minutes",Fossil Gas,,2025-10.22T10:35:45,PBB declared to OCGT mode. Steam turbine issue.,4,Active,
"Unavailability of electricity facilities, Production",IE | Poolbeg | GU_400325 (PBB),152,80,2025-10.21T21:50,2025-10.22T10:34,"12 hours,44 minutes",Fossil Gas,,2025-10.22T10:35:24,PBB declared to OCGT mode. Steam turbine issue. ,4,Active,
"Unavailability of electricity facilities, Production",IE | Edenderry Power Plant | Edenderry Power Plant,50,68,2025-10.23T07:00,2025-10.23T16:59,"9 hours,59 minutes",Biomass,,2025-10.22T09:41:22,,1,Active,
"Unavailability of electricity facilities, Production",IE | Edenderry Power Plant | Edenderry Power Plant,110,8,2025-10.20T12:45,2025-10.23T06:59,"2 days,18 hours,14 minutes",Biomass,,2025-10.22T09:41:21,,2,Active,
"Unavailability of electricity facilities, Production",IE | Aghada 02B BESS (AD5) | AD5 (02B GU_404920),50,25,2025-10.23T13:00,2025-11.02T19:00,"10 days,6 hours",Other,,2025-10.22T09:33:45,"Annual scheduled inspection of the BESS core equipment, safety systems and auxiliaries.",2,Dismissed,outage not required as work completed during initial outage
"Unavailability of electricity facilities, Production",IE | Aghada | GU_400182 (AT12),0,90,2025-10.22T06:00,2025-10.23T20:00,"1 day,14 hours",Fossil Gas,,2025-10.22T06:54:02,STMO,3,Dismissed,Grid needs the unit available 6:53. 
"Unavailability of electricity facilities, Production",IE | Aghada | GU_400181 (AT11),0,90,2025-10.21T06:01,2025-10.21T21:25,"15 hours,24 minutes",Fossil Gas,,2025-10.21T21:23:02,STMO,3,Active,
"Other market information, Market Information",IE | Turlough Hill,,,2025-10.21T22:00,2025-10.22T11:00,13 hours,,,2025-10.21T20:46:27,All 4 Units unavailable for pumping due to upper reservoir liner repairs. Generation remains available during this period of the test.,2,Dismissed,Grid need units fully available. 
"Unavailability of electricity facilities, Production",IE | Aghada 02B BESS (AD5) | AD5 (02B GU_404920),0,75,2025-10.16T07:00,2025-10.21T20:13,"5 days,13 hours,13 minutes",Other,,2025-10.21T20:20:31,"Annual scheduled inspection of the BESS core equipment, safety systems and auxiliaries.",4,Active,
"Unavailability of electricity facilities, Production",IE | Dublin Waste to Energy,52,10,2025-10.21T09:30,2025-10.21T11:01,"1 hour,31 minutes",Waste,,2025-10.21T10:00:08,Unforseen Issues,1,Active,
"Other market information, Market Information",IE | Turlough Hill,,,2025-10.23T22:00,2025-10.24T11:00,13 hours,,,2025-10.20T16:53:52,All 4 Units unavailable for pumping due to upper reservoir liner repairs. Generation remains available during this period of the test.,1,Active,
"Other market information, Market Information",IE | Turlough Hill,,,2025-10.22T22:00,2025-10.23T11:00,13 hours,,,2025-10.20T16:53:48,All 4 Units unavailable for pumping due to upper reservoir liner repairs. Generation remains available during this period of the test.,1,Active,
"Other market information, Market Information",IE | GU_400363 (TH4),,,2025-10.20T22:00,2025-10.21T14:00,16 hours,,,2025-10.20T12:45:45,Unit unavailable for pumping due to upper reservoir liner repairs. Generation remains available during this period of the test. ,3,Active,
"Other market information, Market Information",IE | GU_400362 (TH3),,,2025-10.20T22:00,2025-10.21T14:00,16 hours,,,2025-10.20T12:45:40,Unit unavailable for pumping due to upper reservoir liner repairs. Generation remains available during this period of the test. ,3,Active,
"Other market information, Market Information",IE | GU_400361 (TH2),,,2025-10.20T22:00,2025-10.21T14:00,16 hours,,,2025-10.20T12:45:10,Unit unavailable for pumping due to upper reservoir liner repairs. Generation remains available during this period of the test. ,3,Active,
"Other market information, Market Information",IE | GU_400360 (TH1),,,2025-10.20T22:00,2025-10.21T14:00,16 hours,,,2025-10.20T12:44:12,Unit unavailable for pumping due to upper reservoir liner repairs. Generation remains available during this period of the test. ,3,Active,
"Unavailability of electricity facilities, Production",IE | Edenderry Power Plant | Edenderry Power Plant,110,8,2025-10.20T13:59,2025-10.31T22:59,"11 days,8 hours,59 minutes",Biomass,,2025-10.20T12:43:05,,2,Dismissed,CANCELED to prevent overlaps.
"Unavailability of electricity facilities, Production",IE | Edenderry Power Plant | Edenderry Power Plant,80,38,2025-10.20T09:00,2025-10.20T12:44,"3 hours,44 minutes",Biomass,,2025-10.20T12:43:05,,2,Active,
"Unavailability of electricity facilities, Production",IE | Turlough Hill | GU_400363 (TH4),0,73,2025-10.20T11:00,2025-10.20T14:00,3 hours,Hydro Pumped Storage,,2025-10.20T09:08:53,Upper reservoir liner repairs. Available for Black Start generation only,2,Dismissed,Lake level too high
"Unavailability of electricity facilities, Production",IE | Turlough Hill | GU_400362 (TH3),0,73,2025-10.20T11:00,2025-10.20T14:00,3 hours,Hydro Pumped Storage,,2025-10.20T09:08:47,Upper reservoir liner repairs. Available for Black Start generation only,2,Dismissed,Lake level too high
"Unavailability of electricity facilities, Production",IE | Turlough Hill | GU_400361 (TH2),0,73,2025-10.20T11:00,2025-10.20T14:00,3 hours,Hydro Pumped Storage,,2025-10.20T09:08:40,Upper reservoir liner repairs. Available for Black Start generation only,2,Dismissed,Lake level too high
"Unavailability of electricity facilities, Production",IE | Turlough Hill | GU_400360 (TH1),0,73,2025-10.20T11:00,2025-10.20T14:00,3 hours,Hydro Pumped Storage,,2025-10.20T09:08:33,Upper reservoir liner repairs. Available for Black Start generation only,2,Dismissed,Lake level too high
"Unavailability of electricity facilities, Production",IE | Edenderry Power Plant | Edenderry Power Plant,110,8,2025-10.11T22:59,2025-10.20T08:59,"8 days,10 hours",Biomass,,2025-10.20T08:42:21,,2,Active,
"Unavailability of electricity facilities, Production",IE | Aghada | GU_400850 (AD2),0,449,2025-10.19T06:30,2025-10.19T17:20,"10 hours,50 minutes",Fossil Gas,,2025-10.19T12:17:21,Ignition system failure,2,Active,
"Unavailability of electricity facilities, Production",IE | Whitegate Power Station | Whitegate Power Station,0,444,2025-10.17T23:00,2025-10.18T22:12,"23 hours,12 minutes",Fossil Gas,,2025-10.18T17:25:19,Leak Repair,2,Active,
"Unavailability of electricity facilities, Production",IE | Coolkeeragh | GU_500040 (C30),0,425,2025-12.09T12:00,2025-12.12T22:00,"3 days,10 hours",Fossil Gas,,2025-10.18T15:37:10,Brushgear and other Essential Maintenance.,3,Dismissed,overlaping with outage
"Unavailability of electricity facilities, Production",IE | GU_504120 (GT7),0,326,2025-10.18T04:59,2025-10.18T07:53,"2 hours,54 minutes",Fossil Gas,,2025-10.18T12:31:53,Synchronisation issue,3,Active,
"Unavailability of electricity facilities, Production",IE | GU_504110 (GT6),0,326,2025-10.18T04:48,2025-10.18T12:29,"7 hours,41 minutes",Fossil Gas,,2025-10.18T12:30:39,Forced Trip,2,Active,
"Unavailability of electricity facilities, Production",IE | Aghada AD 4 02A BESS (GU_403570) | GU_403570) AD4 02A BESS,25,50,2025-10.18T19:01,2025-10.23T19:00,"4 days,23 hours,59 minutes",Other renewable,,2025-10.17T22:29:23,"Annual scheduled inspection of the BESS core equipment, safety systems and auxiliaries",3,Dismissed,Works not occurring
"Unavailability of electricity facilities, Production",IE | Aghada AD 4 02A BESS (GU_403570) | GU_403570) AD4 02A BESS,0,75,2025-10.13T07:00,2025-10.17T18:55,"4 days,11 hours,55 minutes",Other renewable,,2025-10.17T19:00:04,"Annual scheduled inspection of the BESS core equipment, safety systems and auxiliaries",2,Active,
"Unavailability of electricity facilities, Production",IE | Coolkeeragh | GU_500041 (CGT8),26,27,2025-10.15T16:46,2025-10.16T17:30,"1 day,44 minutes",Fossil Gas,,2025-10.16T17:30:19,Start fail unit available at lower mw ,3,Active,
"Unavailability of electricity facilities, Production",IE | Kilroot | GU_500820 (KGT3),0,41,2025-10.14T08:00,2025-10.16T17:30,"2 days,9 hours,30 minutes",Fossil Oil,,2025-10.16T17:16:31,Outage Complete,2,Active,
"Unavailability of electricity facilities, Production",IE | Poolbeg Flexgen (PB7) | GU_403620,0,63,2025-09.02T18:00,2025-10.16T14:45,"1 month,13 days,20 hours,45 minutes",Fossil Gas,,2025-10.16T15:33:01,Emissions pump problem,7,Active,
"Unavailability of electricity facilities, Production",IE | Aughinish Alumina Limited | Sealrock 3 - GU_400120 (SK3),0,85,2025-10.21T08:00,2025-10.22T18:00,"1 day,10 hours",Fossil Gas,,2025-10.16T13:50:22,,1,Active,
"Unavailability of electricity facilities, Production",IE | GU_504110 (GT6),0,326,2025-10.16T20:00,2025-10.17T00:00,4 hours,Fossil Gas,,2025-10.16T11:07:48,,3,Active,
"Unavailability of electricity facilities, Production",IE | Aghada | GU_400850 (AD2),0,449,2025-09.23T22:00,2025-10.16T15:30,"22 days,17 hours,30 minutes",Fossil Gas,,2025-10.16T10:36:18,Revised date for Short term maintenance outage.,6,Active,
"Other market information, Market Information",IE | Aghada AD2,,,2025-10.16T12:00,2025-10.16T15:30,"3 hours,30 minutes",,,2025-10.16T10:33:37,AD2 is expected to test on 16th October. ,5,Active,
"Other market information, Market Information",IE | RHODE2,,,2025-10.16T08:00,2025-10.24T17:00,"8 days,9 hours",,Rhode,2025-10.16T09:50:21,Rhode PCP will be unable to export due to transmission system Capex works from 16/10/2025 (08:00) to 24/10/2025 (17:00). Eirgrid have confirmed that both RP1 and RP2 are outturn available for the duration of this outage. For the avoidance of doubt this means that the units are commercially available and can be traded into the market. Dates / times of this outage are subject to the discretion of the TSO and may change.,2,Active,
"Other market information, Market Information",IE | RHODE1,,,2025-10.16T08:00,2025-10.24T17:00,"8 days,9 hours",,Rhode,2025-10.16T09:49:03,Rhode PCP will be unable to export due to transmission system Capex works from 16/10/2025 (08:00) to 24/10/2025 (17:00). Eirgrid have confirmed that both RP1 and RP2 are outturn available for the duration of this outage. For the avoidance of doubt this means that the units are commercially available and can be traded into the market. Dates / times of this outage are subject to the discretion of the TSO and may change. ,2,Active,
"Unavailability of electricity facilities, Production",IE | Dublin Waste to Energy,55,7,2025-10.15T22:15,2025-10.16T00:00,"1 hour,45 minutes",Waste,,2025-10.15T22:36:03,Unforseen Issues,1,Active,
"Unavailability of electricity facilities, Production",IE | Aghada | GU_400181 (AT11),0,90,2025-10.10T10:23,2025-10.15T16:45,"5 days,6 hours,22 minutes",Fossil Gas,,2025-10.15T16:56:42,diesel leak,3,Active,
"Other market information, Market Information",IE | Ringsend Flexgen (IS3),,,2025-10.14T10:30,2025-10.16T20:30,"2 days,10 hours",,,2025-10.15T15:43:48,"Ringsend Flexgen is testing with expected outputs of 0 - 63 MWs on 16.10.2025  from 10:30 until 8pm subject to change 
Ringsend Flexgen is testing with expected outputs of 0 - 53 MWs on 14.10.2025 and 0- 63 MWs on 15.10.2025.",4,Active,
"Unavailability of electricity facilities, Production",IE | Ballylumford | GU_500284(BGT2),58,0,2025-10.13T17:28,2025-10.14T10:00,"16 hours,32 minutes",Fossil Oil,,2025-10.14T14:15:48,,3,Dismissed,Issue resolved
"Unavailability of electricity facilities, Production",IE | GU_504110 (GT6),0,326,2025-10.14T21:00,2025-10.14T23:00,2 hours,Fossil Gas,,2025-10.14T11:33:54,,1,Active,
"Unavailability of electricity facilities, Production",IE | Moneypoint | GU_400270 (MP1),0,285,2025-05.07T22:00,2025-10.11T18:30,"5 months,3 days,20 hours,30 minutes",Fossil Hard coal,,2025-10.11T18:22:54,30/06 - Turbine issues ,9,Active,
"Other market information, Market Information",IE | Moneypoint,,,2025-10.09T06:00,2025-10.11T18:30,"2 days,12 hours,30 minutes",,,2025-10.11T17:33:24,MP1 will be testing with output varying from 10MW to 280MW,5,Active,
"Unavailability of electricity facilities, Production",IE | Aghada | GU_400182 (AT12),0,90,2025-10.10T18:11,2025-10.11T13:00,"18 hours,49 minutes",Fossil Gas,,2025-10.11T10:50:50,Diesel leak,2,Active,
"Unavailability of electricity facilities, Production",IE | Turlough Hill | GU_400362 (TH3),0,73,2025-10.14T09:00,2025-10.14T18:00,9 hours,Hydro Pumped Storage,,2025-10.10T17:09:23,MIV valve and limit switch to be replaced ,2,Active,
"Unavailability of electricity facilities, Production",IE | Poolbeg | GU_400324 (PBA),212,20,2025-10.10T10:00,2025-10.10T15:40,"5 hours,40 minutes",Fossil Gas,,2025-10.10T15:41:49,Unit declared down by 15Mw,4,Active,
"Unavailability of electricity facilities, Production",IE | Poolbeg | GU_400325 (PBB),212,20,2025-10.10T10:00,2025-10.10T15:40,"5 hours,40 minutes",Fossil Gas,,2025-10.10T15:41:17,Unit declared down by 15Mw,4,Active,
"Unavailability of electricity facilities, Production",IE | Edenderry Power Plant | Edenderry Power Plant,110,8,2025-10.10T13:10,2025-10.11T22:59,"1 day,9 hours,49 minutes",Biomass,,2025-10.10T13:08:58,,1,Active,
"Unavailability of electricity facilities, Production",IE | Edenderry Power Plant | Edenderry Power Plant,60,58,2025-10.10T13:00,2025-10.10T13:09,9 minutes,Biomass,,2025-10.10T13:08:58,,2,Active,
"Unavailability of electricity facilities, Production",IE | Edenderry Power Plant | Edenderry Power Plant,41,77,2025-10.10T11:54,2025-10.10T12:59,"1 hour,5 minutes",Biomass,,2025-10.10T12:58:27,,2,Active,
"Unavailability of electricity facilities, Production",IE | Edenderry Power Plant | Edenderry Power Plant,0,118,2025-10.10T10:24,2025-10.10T11:53,"1 hour,29 minutes",Biomass,,2025-10.10T12:11:26,,2,Active,
"Unavailability of electricity facilities, Production",IE | Edenderry Power Plant | Edenderry Power Plant,110,8,2025-10.07T12:00,2025-10.10T10:23,"2 days,22 hours,23 minutes",Biomass,,2025-10.10T10:56:34,,2,Active,
"Unavailability of electricity facilities, Production",IE | Dublin Waste to Energy,58,4,2025-10.10T08:45,2025-10.10T10:31,"1 hour,46 minutes",Waste,,2025-10.10T09:25:03,Unforseen Issues,1,Active,
"Unavailability of electricity facilities, Production",IE | Aghada 02B BESS (AD5) | AD5 (02B GU_404920),17,58,2025-10.08T04:00,2025-10.09T11:00,"1 day,7 hours",Other,,2025-10.08T04:42:46,System fault ,1,Active,
"Other market information, Market Information",IE | Coolkeeragh,,,2025-10.08T18:00,2025-10.09T04:00,10 hours,,,2025-10.08T00:35:54,Coolkeeragh is testing on the 08/10/25 to the 09/10/2025 between the ranges of 20 and 394 mw approximately ,1,Active,
"Unavailability of electricity facilities, Production",IE | Edenderry Power Plant | Edenderry Power Plant,100,18,2025-10.02T07:15,2025-10.07T11:59,"5 days,4 hours,44 minutes",Biomass,,2025-10.07T12:07:51,,2,Active,
"Unavailability of electricity facilities, Production",IE | Huntstown | Huntstown 2 (HN2),385,15,2025-10.07T17:30,2025-10.07T19:00,"1 hour,30 minutes",Fossil Gas,,2025-10.06T16:27:04,The unit will be testing at 385MW for the period indicated,2,Active,
"Unavailability of electricity facilities, Production",IE | Tarbert | Tarbert TEG 2,49,98,2025-09.22T17:00,2025-10.09T12:00,"16 days,19 hours",Fossil Oil,,2025-10.06T16:24:39,Maintenance,4,Active,
"Unavailability of electricity facilities, Production",IE | Dublin Waste to Energy,61,1,2025-10.03T09:00,2025-10.06T09:01,"3 days,1 minute",Waste,,2025-10.06T10:36:03,Unforseen Issues,2,Active,
"Unavailability of electricity facilities, Production",IE | Huntstown | Huntstown 2 (HN2),120,280,2025-10.07T15:30,2025-10.07T18:30,3 hours,Fossil Gas,,2025-10.03T17:09:33,Test profile is best estimate at this stage and may be subject to change.,2,Dismissed,Test cancelled
"Unavailability of electricity facilities, Production",IE | Kilroot | GU_500821 (KGT4),0,41,2025-10.03T11:00,2025-10.03T13:30,"2 hours,30 minutes",Fossil Oil,,2025-10.03T13:18:57,Outage Complete,2,Active,
"Unavailability of electricity facilities, Production",IE | Cloncreen Wind Farm Supply DAC - BESS | Cloncreen Wind Farm Supply DAC - BESS,0,25,2025-10.07T08:00,2025-10.07T16:59,"8 hours,59 minutes",Other,,2025-10.03T11:11:03,,1,Active,
"Unavailability of electricity facilities, Production",IE | Dublin Waste to Energy,57,5,2025-10.02T20:00,2025-10.02T22:01,"2 hours,1 minute",Waste,,2025-10.02T20:55:03,Unforseen Issues,1,Active,
"Unavailability of electricity facilities, Production",IE | Corduff Flexgen (FG2),0,64,2025-10.02T18:52,2025-10.04T17:00,"1 day,22 hours,8 minutes",Fossil Gas,,2025-10.02T19:01:10,Unavailable for generation due to transmission side outage,1,Active,
"Unavailability of electricity facilities, Production",IE | Corduff Flexgen (FG2),0,64,2025-09.29T06:00,2025-10.02T18:52,"3 days,12 hours,52 minutes",Fossil Gas,,2025-10.02T18:59:28,"Annual scheduled inspection of the equipment, safety systems and auxiliaries.",2,Active,
"Unavailability of electricity facilities, Production",IE | Edenderry Power Plant | Edenderry Power Plant,41,77,2025-10.02T00:00,2025-10.02T07:14,"7 hours,14 minutes",Biomass,,2025-10.02T07:10:32,,2,Active,
"Unavailability of electricity facilities, Production",IE | Kilroot | GU_500825(KGT2),0,29,2025-10.07T19:00,2025-10.08T19:00,1 day,Fossil Oil,,2025-10.01T11:12:58,,1,Active,
"Unavailability of electricity facilities, Production",IE | Edenderry Power Plant | Edenderry Power Plant,0,118,2025-09.27T10:00,2025-10.01T23:59,"4 days,13 hours,59 minutes",Biomass,,2025-10.01T10:29:23,,2,Active,
"Unavailability of electricity facilities, Production",IE | Turlough Hill | GU_400361 (TH2),0,73,2025-10.01T09:11,2025-10.01T16:00,"6 hours,49 minutes",Hydro Pumped Storage,,2025-10.01T09:12:55,"Scada System Testing. 
",2,Active,
"Other market information, Market Information",IE | GU_500821 (KGT4),,,2025-10.06T04:18,2025-12.31T23:59,"2 months,25 days,19 hours,41 minutes",,,2025-09.30T17:09:23,The unit has a run hour restriction from 04:18 on 6 October to 23.59 on 31 December 2025.  The exact timing of availability is difficult to predict and is based on dispatch.,9,Dismissed,receipt of permit variation for KGT60/70
"Other market information, Market Information",IE | GU_500820 (KGT3),,,2025-10.06T04:18,2025-12.31T23:59,"2 months,25 days,19 hours,41 minutes",,,2025-09.30T17:09:14,The unit has a run hour restriction from 04:18 on 6 October to 23.59 on 31 December 2025.  The exact timing of availability is difficult to predict and is based on dispatch.,8,Dismissed,receipt of permit variation for KGT60/70
"Other market information, Market Information",IE | GU_500825(KGT2),,,2025-10.06T04:18,2025-12.31T23:59,"2 months,25 days,19 hours,41 minutes",,,2025-09.30T17:09:01,The unit has a run hour restriction from 04:18 on 6 October to 23.59 on 31 December 2025.  The exact timing of availability is difficult to predict and is based on dispatch.,8,Dismissed,receipt of permit variation for KGT60/70
"Other market information, Market Information",IE | GU_500824 (KGT1),,,2025-10.06T04:18,2025-12.31T23:23,"2 months,25 days,19 hours,5 minutes",,,2025-09.30T17:08:50,The unit has a run hour restriction from 04:18 on 6 October to 23.59 on 31 December 2025.  The exact timing of availability is difficult to predict and is based on dispatch.,8,Dismissed,receipt of permit variation for KGT60/70
"Unavailability of electricity facilities, Production",IE | Dublin Waste to Energy,56,6,2025-09.30T16:30,2025-09.30T18:01,"1 hour,31 minutes",Waste,,2025-09.30T15:46:03,Unforseen Issues,1,Active,
"Unavailability of electricity facilities, Production",IE | GU_504120 (GT7),0,326,2025-09.30T05:08,2025-12.31T23:59,"3 months,1 day,18 hours,51 minutes",Fossil Gas,,2025-09.30T14:59:20,Breach of Permit.,4,Dismissed,Based on receipt of permit variation
"Other market information, Market Information",IE | GU_504110 (GT6),,,2025-10.01T18:53,2025-12.31T23:59,"2 months,30 days,5 hours,6 minutes",,,2025-09.30T14:52:48,The unit has a run hour restriction from 18:53 on 1 October to 23.59 on 31 December 2025. The exact timing of availability is difficult to predict and is based on dispatch.,213,Dismissed,Based on receipt of permit variation.
"Other market information, Market Information",IE | GU_504120 (GT7),,,2025-09.30T05:23,2025-12.31T23:59,"3 months,1 day,18 hours,36 minutes",,,2025-09.30T14:51:08,The unit has a run hour restriction from 5:23 on 30 September to 23.59 on 31 December 2025. The exact timing of availability is difficult to predict and is based on dispatch.,207,Dismissed,Based on receipt of permit variation.
"Unavailability of electricity facilities, Production",IE | Turlough Hill | GU_400360 (TH1),0,73,2025-10.21T09:00,2025-10.21T14:00,5 hours,Hydro Pumped Storage,,2025-09.30T14:00:47,electrode test ,2,Active,
"Unavailability of electricity facilities, Production",IE | Turlough Hill | GU_400361 (TH2),0,73,2025-10.21T09:00,2025-10.21T14:00,5 hours,Hydro Pumped Storage,,2025-09.30T14:00:08,electrode test ,2,Active,
"Unavailability of electricity facilities, Production",IE | Turlough Hill | GU_400362 (TH3),0,73,2025-10.21T09:00,2025-10.21T14:00,5 hours,Hydro Pumped Storage,,2025-09.30T13:59:06,electrode test ,2,Active,
"Unavailability of electricity facilities, Production",IE | Turlough Hill | GU_400363 (TH4),0,73,2025-10.21T09:00,2025-10.21T14:00,5 hours,Hydro Pumped Storage,,2025-09.30T13:57:06,electrode test ,2,Active,
"Unavailability of electricity facilities, Production",IE | GU_504110 (GT6),0,326,2025-09.29T20:15,2025-09.30T09:57,"13 hours,42 minutes",Fossil Gas,,2025-09.30T10:10:24,,2,Active,
"Unavailability of electricity facilities, Production",IE | Rhode | RHODE2,0,52,2025-10.16T08:00,2025-10.24T17:00,"8 days,9 hours",Fossil Gas,,2025-09.29T17:57:59,Grid,3,Dismissed,Superseded by Other Market Information Submission 00010555_001
"Unavailability of electricity facilities, Production",IE | Rhode | RHODE1,0,52,2025-10.16T08:00,2025-10.24T17:00,"8 days,9 hours",Fossil Gas,,2025-09.29T17:54:30,Grid,3,Dismissed,Superseded by Other Market Information Submission 00010554_001
"Unavailability of electricity facilities, Production",IE | Turlough Hill | GU_400360 (TH1),0,73,2025-10.01T10:00,2025-10.01T16:00,6 hours,Hydro Pumped Storage,,2025-09.29T16:45:20,"Scada System Testing. 
",1,Active,
"Unavailability of electricity facilities, Production",IE | Turlough Hill | GU_400362 (TH3),0,73,2025-10.01T10:00,2025-10.01T16:00,6 hours,Hydro Pumped Storage,,2025-09.29T16:42:43,"Scada System Testing. 
",1,Active,
"Unavailability of electricity facilities, Production",IE | Turlough Hill | GU_400363 (TH4),0,73,2025-10.01T10:00,2025-10.01T16:00,6 hours,Hydro Pumped Storage,,2025-09.29T16:40:32,Scada System Testing. ,1,Active,
"Other market information, Market Information","GB,IE | Greenlink Interconnector",,,2025-09.29T06:00,2025-09.29T07:00,1 hour,,Greenlink Interconnector Limited,2025-09.28T15:22:21,"At the request of Eirgrid, the interconnector has an NTC reduction IE - GB direction from 504MW to 277MW for 1 hour running from 06:00 to 07:00.",1,Active,
"Unavailability of electricity facilities, Production",IE | Dublin Waste to Energy,46,16,2025-09.27T19:00,2025-09.27T20:31,"1 hour,31 minutes",Waste,,2025-09.27T19:08:03,Unforseen Issues,1,Active,
"Unavailability of electricity facilities, Production",IE | Dublin Waste to Energy,46,16,2025-09.27T10:00,2025-09.27T15:01,"5 hours,1 minute",Waste,,2025-09.27T13:21:04,Unforseen Issues,2,Active,
"Other market information, Market Information",IE | GU_400272 (MP3),,,2025-09.27T02:00,2025-09.28T14:00,"1 day,12 hours",,,2025-09.27T01:42:13,The unit is expected to test from 0 - 200MW during the event times noted.,1,Active,
"Unavailability of electricity facilities, Production",IE | Dublin Waste to Energy,50,12,2025-09.26T22:30,2025-09.27T07:01,"8 hours,31 minutes",Waste,,2025-09.26T22:46:03,Unforseen Issues,1,Active,
"Unavailability of electricity facilities, Production",IE | Moneypoint | GU_400272 (MP3),0,285,2025-09.26T12:17,2025-09.26T22:45,"10 hours,28 minutes",Fossil Hard coal,,2025-09.26T17:47:45,Auxiliary Steam shut down,3,Active,
"Unavailability of electricity facilities, Production",IE | Ballylumford | GU_500284(BGT2),29,29,2025-10.09T08:00,2025-10.09T16:00,8 hours,Fossil Oil,,2025-09.26T15:22:37,,2,Dismissed,SONi Rejection
"Unavailability of electricity facilities, Production",IE | Ballylumford | GU_500284(BGT2),0,58,2025-10.13T06:00,2025-10.19T18:00,"6 days,12 hours",Fossil Oil,,2025-09.26T15:22:23,,2,Dismissed,SONi Rejection
"Unavailability of electricity facilities, Production",IE | Yellow River,0,101,2025-07.21T08:00,2025-09.26T16:00,"2 months,5 days,8 hours",Wind Onshore,,2025-09.26T15:08:24,Grid,13,Active,
"Unavailability of electricity facilities, Production",IE | Dublin Bay,0,415,2025-11.14T22:00,2025-11.21T20:00,"6 days,22 hours",Fossil Gas,,2025-09.26T11:36:22,GU_400500,3,Dismissed,Marked as Production Unit - Should have been listed as Generation Unit 
"Unavailability of electricity facilities, Production",IE | Dublin Waste to Energy,50,12,2025-09.25T20:15,2025-09.25T21:31,"1 hour,16 minutes",Waste,,2025-09.25T20:31:03,Unforseen Issues,1,Active,
"Other market information, Market Information",IE | GU_400272 (MP3),,,2025-09.26T11:00,2025-09.26T23:00,12 hours,,,2025-09.25T14:51:38,The unit is expected to test from 0 - 200MW during the event times noted.,4,Active,
"Unavailability of electricity facilities, Production",IE | Dublin Waste to Energy,58,4,2025-09.25T13:00,2025-09.25T19:01,"6 hours,1 minute",Waste,,2025-09.25T13:43:03,Unforseen Issues,1,Active,
"Unavailability of electricity facilities, Production",IE | Poolbeg | GU_400325 (PBB),152,80,2025-09.19T16:49,2025-09.25T13:00,"5 days,20 hours,11 minutes",Fossil Gas,,2025-09.25T12:40:48,Boiler leak,3,Active,
"Unavailability of electricity facilities, Production",IE | Dublin Waste to Energy,28,34,2025-09.24T10:36,2025-09.24T14:06,"3 hours,30 minutes",Waste,,2025-09.24T13:46:04,Unforseen Issues,3,Active,
"Unavailability of electricity facilities, Production",IE | Edenderry Power Plant | Edenderry Power Plant,100,18,2025-09.12T10:00,2025-09.27T09:59,"14 days,23 hours,59 minutes",Biomass,,2025-09.24T11:06:52,,2,Active,
"Unavailability of electricity facilities, Production",IE | Moneypoint | GU_400272 (MP3),0,285,2025-09.04T16:15,2025-09.23T18:15,"19 days,2 hours",Fossil Hard coal,,2025-09.23T18:15:40,Booster fan fault,4,Active,
"Unavailability of electricity facilities, Production",IE | Corduff Flexgen (FG2),0,64,2025-09.23T03:44,2025-09.23T17:45,"14 hours,1 minute",Fossil Gas,,2025-09.23T17:48:11,Issue unknown under investigation,4,Active,
"Unavailability of electricity facilities, Production",IE | Cloncreen Wind Farm Supply DAC - BESS | Cloncreen Wind Farm Supply DAC - BESS,0,25,2025-09.24T08:00,2025-09.24T11:59,"3 hours,59 minutes",Other,,2025-09.23T09:46:11,,1,Active,
"Other market information, Market Information",IE | GU_400271 (MP2),,,2025-09.23T11:00,2025-09.24T23:00,"1 day,12 hours",,,2025-09.22T14:05:16,Unit will be testing. Expected output range 0-200mws,2,Dismissed,duplicate message
"Other market information, Market Information",IE | GU_400271 (MP2),,,2025-09.23T11:00,2025-09.24T23:00,"1 day,12 hours",,,2025-09.22T13:59:19,Unit will be testing. Expected output range 0-200mws,1,Active,
"Unavailability of electricity facilities, Production",IE | Dublin Waste to Energy,53,9,2025-09.22T12:45,2025-09.22T14:01,"1 hour,16 minutes",Waste,,2025-09.22T13:09:25,Unforseen Issues,1,Active,
"Unavailability of electricity facilities, Production",IE | Whitegate Power Station | Whitegate Power Station,0,444,2025-09.22T04:22,2025-09.22T06:32,"2 hours,10 minutes",Fossil Gas,,2025-09.22T06:38:34,Trip on start - Investigating,3,Active,
"Unavailability of electricity facilities, Production",IE | Dublin Waste to Energy,40,22,2025-09.21T15:00,2025-09.21T19:01,"4 hours,1 minute",Waste,,2025-09.21T16:50:30,Planned Outage,2,Active,
"Unavailability of electricity facilities, Production",IE | Aghada 02B BESS (AD5),0,75,2025-10.02T07:00,2025-10.11T19:00,"9 days,12 hours",Other,,2025-09.19T17:47:52,"Annual scheduled inspection of the BESS core equipment, safety systems and auxiliaries.",2,Dismissed,outage cancelled
"Unavailability of electricity facilities, Production",IE | Aghada 02A BESS (AD4),0,75,2025-09.22T07:00,2025-10.01T19:00,"9 days,12 hours",Other,,2025-09.19T17:47:24,"Annual scheduled inspection of the BESS core equipment, safety systems and auxiliaries.",2,Dismissed,outage cancelled
"Unavailability of electricity facilities, Production",IE | Poolbeg | GU_400325 (PBB),0,232,2025-09.14T22:00,2025-09.19T16:49,"4 days,18 hours,49 minutes",Fossil Gas,,2025-09.19T17:38:45,"Generator Circuit Breaker minor Inspection, ",3,Active,
"Unavailability of electricity facilities, Production",IE | Huntstown | Huntstown 2 (HN2),0,400,2025-09.19T06:53,2025-09.19T16:39,"9 hours,46 minutes",Fossil Gas,,2025-09.19T16:42:53,End time is correct,6,Active,
"Unavailability of electricity facilities, Production",IE | Dublin Waste to Energy,46,16,2025-09.19T14:40,2025-09.19T15:46,"1 hour,6 minutes",Waste,,2025-09.19T15:55:50,Planned Outage,1,Active,
"Unavailability of electricity facilities, Production",IE | Huntstown | Huntstown 1 (HNC),220,122,2025-09.20T16:00,2025-09.21T23:00,"1 day,7 hours",Fossil Gas,,2025-09.19T09:59:35,"Gas Turbine will remain available in Open Cycle for the duration of these works , end time is best estimate at this stage and is subject to change.",2,Dismissed,Outage cancelled. Unit fully available
"Unavailability of electricity facilities, Production",IE | Huntstown | Huntstown 1 (HNC),342,0,2025-09.20T08:00,2025-09.20T16:00,8 hours,Fossil Gas,,2025-09.19T09:57:16,Unit will be testing at various loads during this period.,3,Dismissed,Testing postponed until later date. Unit fully available 
"Unavailability of electricity facilities, Production",IE | Ringsend Flexgen (IS3),0,64,2025-09.15T06:00,2025-09.18T15:45,"3 days,9 hours,45 minutes",Fossil Gas,,2025-09.18T15:39:00,"Annual scheduled inspection of the equipment, safety systems and auxiliaries.",4,Active,
"Unavailability of electricity facilities, Production",IE | Cloncreen Wind Farm Supply DAC - BESS | Cloncreen Wind Farm Supply DAC - BESS,0,25,2025-09.18T08:00,2025-09.18T16:59,"8 hours,59 minutes",Other,,2025-09.17T10:59:57,,1,Active,
"Unavailability of electricity facilities, Production",IE | Kilroot | GU_500825(KGT2),0,29,2025-09.16T18:00,2025-09.17T18:00,1 day,Fossil Oil,,2025-09.17T07:45:05,,2,Dismissed,SONi Cancelled
"Unavailability of electricity facilities, Production",IE | Aghada | GU_400183 (AT14),0,90,2025-09.15T00:01,2025-09.16T18:30,"1 day,18 hours,29 minutes",Fossil Gas,,2025-09.16T17:50:19,Fire suppression system testing.,2,Active,
"Unavailability of electricity facilities, Production",IE | Cloncreen Wind Farm Supply DAC - BESS | Cloncreen Wind Farm Supply DAC - BESS,19,6,2025-09.16T17:00,2025-09.16T18:29,"1 hour,29 minutes",Other,,2025-09.16T16:41:37,,1,Active,
"Unavailability of electricity facilities, Production",IE | Ballylumford CCGT | GU_503740(B10),0,101,2025-09.16T08:50,2025-09.16T11:09,"2 hours,19 minutes",Fossil Gas,,2025-09.16T11:40:49,,2,Active,
"Unavailability of electricity facilities, Production",IE | Whitegate Power Station | Whitegate Power Station,0,444,2025-08.30T21:00,2025-09.16T09:34,"16 days,12 hours,34 minutes",Fossil Gas,,2025-09.16T09:42:50,Doing full speed no load test and grid requested us to sync early - complied with grid.,6,Active,
"Unavailability of electricity facilities, Production",IE | Cloncreen Wind Farm Supply DAC - BESS | Cloncreen Wind Farm Supply DAC - BESS,6,19,2025-09.17T08:00,2025-09.17T16:59,"8 hours,59 minutes",Other,,2025-09.16T09:39:10,,1,Active,
"Unavailability of electricity facilities, Production",IE | Ballylumford CCGT | GU_503740(B10),0,101,2025-09.15T11:52,2025-09.15T17:10,"5 hours,18 minutes",Fossil Gas,,2025-09.15T17:17:49,,2,Active,
"Unavailability of electricity facilities, Production",IE | Coolkeeragh | GU_500040 (C30),0,425,2025-10.13T12:00,2025-10.16T22:00,"3 days,10 hours",Fossil Gas,,2025-09.15T11:14:44,Brushgear and other Essential Maintenance.,3,Dismissed,Overrun of the AOH 2025.
"Unavailability of electricity facilities, Production",IE | Cloncreen Wind Farm Supply DAC - BESS | Cloncreen Wind Farm Supply DAC - BESS,10,15,2025-09.16T08:00,2025-09.16T16:59,"8 hours,59 minutes",Other,,2025-09.15T09:42:10,,1,Active,
"Unavailability of electricity facilities, Production",IE | Great Island | Great Island,0,464,2025-08.21T10:29,2025-09.14T19:00,"24 days,8 hours,30 minutes",Fossil Gas,,2025-09.14T13:47:34,Plant Fault - Turbine,5,Active,
"Unavailability of electricity facilities, Production",IE | Coolkeeragh | GU_500041 (CGT8),0,53,2025-09.15T06:00,2025-09.19T22:00,"4 days,16 hours",Fossil Gas,,2025-09.14T11:00:25,GT8 AOH,2,Dismissed,Revised  outage dates agreed with system operator. 
"Unavailability of electricity facilities, Production",IE | Cloncreen Wind Farm Supply DAC - BESS | Cloncreen Wind Farm Supply DAC - BESS,17,8,2025-09.15T08:00,2025-09.15T16:59,"8 hours,59 minutes",Other,,2025-09.12T12:56:58,,1,Active,
"Unavailability of electricity facilities, Production",IE | Edenderry Power Plant | Edenderry Power Plant,100,18,2025-08.29T23:00,2025-09.12T09:59,"13 days,10 hours,59 minutes",Biomass,,2025-09.12T09:53:33,,2,Active,
"Unavailability of electricity facilities, Production",IE | Kilroot | GU_500821 (KGT4),0,41,2025-09.10T12:00,2025-09.10T17:00,5 hours,Fossil Oil,,2025-09.10T16:42:16,Outage Complete,3,Active,
"Unavailability of electricity facilities, Production",IE | Dublin Waste to Energy,46,16,2025-09.10T02:30,2025-09.10T15:01,"12 hours,31 minutes",Waste,,2025-09.10T10:01:45,Planned Outage,1,Active,
"Unavailability of electricity facilities, Production",IE | Dublin Waste to Energy,46,16,2025-09.10T02:30,2025-09.10T11:01,"8 hours,31 minutes",Waste,,2025-09.10T07:43:02,Unforseen Issues,22,Active,
"Unavailability of electricity facilities, Production",IE | Rhode | RHODE2,0,52,2025-08.12T09:00,2025-09.12T19:00,"1 month,10 hours",Fossil Gas,,2025-09.09T17:35:07,Grid,5,Dismissed,Ref Other Market Information Message ID 00010478_001. Rhode PCP is currently unable to export due to transmission system Capex works and Eirgrid has confirmed that both RP1 and RP2 are outturn available until the issue is resolved. For the avoidance of doubt this means that the units are commercially available and can be traded into the market.
"Unavailability of electricity facilities, Production",IE | Rhode | RHODE1,0,52,2025-08.12T09:00,2025-09.12T19:00,"1 month,10 hours",Fossil Gas,,2025-09.09T17:27:08,Grid,5,Dismissed,Ref Other Market Information Message ID 00010477_001. Rhode PCP is currently unable to export due to transmission system Capex works and Eirgrid has confirmed that both RP1 and RP2 are outturn available until the issue is resolved. For the avoidance of doubt this means that the units are commercially available and can be traded into the market.
"Other market information, Market Information",IE | RHODE2,,,2025-08.12T09:00,2025-09.12T09:00,1 month,,Rhode,2025-09.09T17:20:22,Rhode PCP is currently unable to export due to transmission system Capex works and Eirgrid has confirmed that both RP1 and RP2 are outturn available until the issue is resolved. For the avoidance of doubt this means that the units are commercially available and can be traded into the market. ,1,Active,
"Other market information, Market Information",IE | RHODE1,,,2025-08.12T09:00,2025-09.12T19:00,"1 month,10 hours",,Rhode,2025-09.09T17:17:44,Rhode PCP is currently unable to export due to transmission system Capex works and Eirgrid has confirmed that both RP1 and RP2 are outturn available until the issue is resolved. For the avoidance of doubt this means that the units are commercially available and can be traded into the market. ,1,Active,
"Unavailability of electricity facilities, Transmission",Greenlink Interconnector | IE ? GB GB ? IE,"0,0","504,504",2025-09.08T23:00,2025-09.09T11:04,"12 hours,4 minutes",,Greenlink Interconnector Limited,2025-09.09T11:06:14,,3,Active,
"Unavailability of electricity facilities, Production",IE | Kilroot | GU_500820 (KGT3),0,41,2025-09.09T12:00,2025-09.09T16:00,4 hours,Fossil Oil,,2025-09.09T10:42:24,,1,Active,
"Other market information, Market Information",IE | Aghada AD 4 02A BESS (GU_403570),,,2025-09.09T10:00,2025-09.09T10:30,30 minutes,,,2025-09.08T22:03:26,Aghada BESS 02A is testing on the 09/09/25 between the ranges of 0 and 0 mw approximately ,1,Active,
"Unavailability of electricity facilities, Production",IE | Aghada | GU_400183 (AT14),0,90,2025-09.02T10:00,2025-09.05T21:00,"3 days,11 hours",Fossil Gas,,2025-09.05T20:51:07,Turbine Issue,3,Active,
"Unavailability of electricity facilities, Production",IE | Southwall BESS (IS2),0,30,2025-09.15T06:00,2025-09.20T19:00,"5 days,13 hours",Other,,2025-09.05T15:06:52,Required to facilitate outage works on IS3 as both as both IS3 and IS2 share a grid connection.,2,Dismissed,Cancellation of this test as it is no longer required
"Unavailability of electricity facilities, Production",IE | Coolkeeragh | GU_500040 (C30),0,425,2025-09.09T00:01,2025-09.09T23:59,"23 hours,58 minutes",Fossil Gas,,2025-09.04T16:50:32,Offline Water Wash 3,2,Dismissed,Cancelled as the unit will be on outage now
"Unavailability of electricity facilities, Production",IE | Cushaling Power Ltd ED3 CPL | Cushaling Power Ltd ED3 CPL,58,0,2025-09.04T17:00,2025-09.10T22:59,"6 days,5 hours,59 minutes",Fossil Oil,,2025-09.04T14:44:37,,1,Active,
"Unavailability of electricity facilities, Production",IE | Cushaling Power Ltd ED3 CPL | Cushaling Power Ltd ED3 CPL,0,58,2025-08.28T18:00,2025-09.04T16:59,"6 days,22 hours,59 minutes",Fossil Oil,,2025-09.04T14:44:36,,2,Active,
"Unavailability of electricity facilities, Production",IE | Poolbeg Flexgen (PB7) | GU_403620,0,63,2025-09.03T09:00,2025-09.03T17:00,8 hours,Fossil Gas,,2025-09.02T18:19:56,STMO,4,Dismissed,Cancelling outage as the unit is now unavailble due to an emissions pump problem 
"Unavailability of electricity facilities, Production",IE | Ringsend Flexgen (IS3) | GU_403610 IS3,0,64,2025-09.02T16:30,2025-09.02T17:01,31 minutes,Fossil Gas,,2025-09.02T17:01:41,Gas compressor issue,2,Active,
"Other market information, Market Information",IE | Aghada AT11,,,2025-09.02T11:00,2025-09.02T13:00,2 hours,,,2025-09.02T09:52:10,AT11 is due to test on 02.09.2025.,2,Dismissed,Testing cancelled as unit is warm - looking to test tomorrow and waiting for Eirgrid approval
"Other market information, Market Information",IE | Coolkeeragh,,,2025-09.01T19:00,2025-09.02T04:00,9 hours,,,2025-09.01T18:07:36,"Looking to establish Test running once more. Intending to run from 0 - 394 MW.

",5,Active,
"Unavailability of electricity facilities, Production",IE | Cushaling Power Ltd ED5 CPL | Cushaling Power Ltd ED5 CPL,58,0,2025-09.01T17:00,2025-09.03T22:59,"2 days,5 hours,59 minutes",Fossil Oil,,2025-09.01T15:00:48,,1,Active,
"Unavailability of electricity facilities, Production",IE | Cushaling Power Ltd ED5 CPL | Cushaling Power Ltd ED5 CPL,0,58,2025-07.29T08:00,2025-09.01T16:59,"1 month,3 days,8 hours,59 minutes",Fossil Oil,,2025-09.01T15:00:47,,2,Active,
"Unavailability of electricity facilities, Production",IE | Turlough Hill | GU_400362 (TH3),0,73,2025-08.29T08:44,2025-09.01T16:00,"3 days,7 hours,16 minutes",Hydro Pumped Storage,,2025-08.31T14:27:00,Turbine Issue,4,Active,
"Unavailability of electricity facilities, Production",IE | Kilroot | GU_500821 (KGT4),0,41,2025-08.28T20:00,2025-08.29T18:14,"22 hours,14 minutes",Fossil Oil,,2025-08.29T18:08:00,,3,Active,
"Unavailability of electricity facilities, Production",IE | Kilroot | GU_500820 (KGT3),0,41,2025-08.28T20:00,2025-08.29T18:14,"22 hours,14 minutes",Fossil Oil,,2025-08.29T18:07:30,,3,Active,
"Unavailability of electricity facilities, Production",IE | GU_504110 (GT6),0,326,2025-08.25T09:00,2025-08.29T18:00,"4 days,9 hours",Fossil Gas,,2025-08.29T17:28:53,Maintenance Inspection,7,Active,
"Unavailability of electricity facilities, Production",IE | Tarbert | Tarbert TEG 2,97,50,2025-08.28T14:00,2025-08.29T15:45,"1 day,1 hour,45 minutes",Fossil Oil,,2025-08.29T15:41:13,Maintenance,2,Active,
"Unavailability of electricity facilities, Production",IE | Turlough Hill | GU_400362 (TH3),0,73,2025-08.28T18:05,2025-08.28T22:00,"3 hours,55 minutes",Hydro Pumped Storage,,2025-08.28T19:22:36,Turbine Issue,2,Active,
"Other market information, Market Information",IE | GU_503740(B10),,,2025-08.28T08:00,2025-08.28T17:30,"9 hours,30 minutes",,,2025-08.28T07:07:22,Unit Testing,1,Active,
"Other market information, Market Information",IE | GU_503740(B10),,,2025-08.27T08:00,2025-08.27T20:00,12 hours,,,2025-08.27T14:25:14,Unit testing,2,Dismissed,Unit unavailable between 08:00 and 12:37
"Unavailability of electricity facilities, Production",IE | Ballylumford CCGT | GU_503740(B10),0,101,2025-08.27T08:00,2025-08.27T12:37,"4 hours,37 minutes",Fossil Gas,,2025-08.27T14:24:32,,3,Active,
"Unavailability of electricity facilities, Production",IE | Castlereagh BESS,0,50,2025-08.27T09:30,2025-08.27T13:30,4 hours,Other,,2025-08.27T13:41:36,Testing complete. Back to full availability,2,Active,
"Other market information, Market Information",IE | GU_500040 (C30),,,2025-08.27T08:00,2025-08.27T17:30,"9 hours,30 minutes",,,2025-08.27T08:32:56,Unit testing,2,Dismissed,Testing cancelled by the generator due to plant issues
"Unavailability of electricity facilities, Production",IE | GU_504120 (GT7),326,0,2025-08.26T10:50,2025-08.26T12:28,"1 hour,38 minutes",Fossil Gas,,2025-08.26T12:59:52,Issues Resolved,3,Active,
"Unavailability of electricity facilities, Production",IE | Whitegate Power Station | Whitegate Power Station,0,444,2025-08.26T06:00,2025-08.26T07:15,"1 hour,15 minutes",Fossil Gas,,2025-08.26T06:34:22,investigating,1,Active,
"Unavailability of electricity facilities, Production",IE | Edenderry Power Plant | Edenderry Power Plant,100,18,2025-08.25T07:37,2025-08.28T22:59,"3 days,15 hours,22 minutes",Biomass,,2025-08.25T07:38:18,,1,Active,
"Unavailability of electricity facilities, Production",IE | Edenderry Power Plant | Edenderry Power Plant,100,18,2025-08.28T22:59,2025-08.29T22:59,"23 hours,59 minutes",Biomass,,2025-08.25T07:38:17,,2,Active,
"Unavailability of electricity facilities, Production",IE | Edenderry Power Plant | Edenderry Power Plant,75,43,2025-08.24T12:00,2025-08.25T07:36,"19 hours,36 minutes",Biomass,,2025-08.25T07:38:17,,2,Active,
"Unavailability of electricity facilities, Production",IE | Edenderry Power Plant | Edenderry Power Plant,100,18,2025-08.22T07:30,2025-08.24T11:59,"2 days,4 hours,29 minutes",Biomass,,2025-08.24T11:36:39,,2,Active,
"Unavailability of electricity facilities, Production",IE | Kilroot | GU_500820 (KGT3),0,41,2025-08.19T23:20,2025-08.24T10:15,"4 days,10 hours,55 minutes",Fossil Oil,,2025-08.24T10:05:49,,4,Active,
"Unavailability of electricity facilities, Production",IE | CGT,0,64,2025-08.21T05:33,2025-08.23T14:00,"2 days,8 hours,26 minutes",Wind Onshore,,2025-08.23T13:57:35,Plant Fault - Auxiliary Equipment,5,Active,
"Unavailability of electricity facilities, Production",IE | Poolbeg | GU_400324 (PBA),150,82,2025-08.23T00:19,2025-08.23T10:00,"9 hours,41 minutes",Fossil Gas,,2025-08.23T02:54:03,units in OCGT mode until further notice ,9,Active,
"Unavailability of electricity facilities, Production",IE | Poolbeg | GU_400325 (PBB),150,82,2025-08.23T00:19,2025-08.23T02:50,"2 hours,31 minutes",Fossil Gas,,2025-08.23T02:53:37,units in OCGT ,9,Active,
"Unavailability of electricity facilities, Production",IE | Meentycat,0,85,2025-08.22T13:30,2025-08.22T20:30,7 hours,Wind Onshore,,2025-08.22T19:28:12,Grid,5,Active,
"Unavailability of electricity facilities, Production",IE | Tarbert | Tarbert TEG 2,97,50,2025-08.26T08:00,2025-08.28T18:00,"2 days,9 hours,59 minutes",Fossil Oil,,2025-08.22T15:50:42,Planned Outage,1,Active,
"Unavailability of electricity facilities, Production",IE | Kilroot | GU_500821 (KGT4),0,41,2025-08.19T23:20,2025-08.22T13:00,"2 days,13 hours,40 minutes",Fossil Oil,,2025-08.22T12:51:52,,4,Active,
"Unavailability of electricity facilities, Production",IE | Meentycat,0,85,2025-08.05T10:00,2025-08.22T13:30,"17 days,3 hours,29 minutes",Wind Onshore,,2025-08.22T10:23:15,Grid,6,Active,
"Other market information, Market Information",IE | GU_500040 (C30),,,2025-08.23T13:00,2025-08.23T23:00,10 hours,,,2025-08.22T08:13:21,Unit testing between 20 & 394 Mw,1,Active,
"Unavailability of electricity facilities, Production",IE | Aghada | GU_400850 (AD2),0,449,2025-08.17T23:00,2025-08.21T23:59,"4 days,59 minutes",Fossil Gas,,2025-08.22T07:49:35,STMO - Outage,3,Active,
"Unavailability of electricity facilities, Production",IE | Edenderry Power Plant | Edenderry Power Plant,41,77,2025-08.22T22:59,2025-08.23T22:59,"23 hours,59 minutes",Biomass,,2025-08.22T07:20:38,,2,Dismissed,CANCELED to prevent overlaps.
"Unavailability of electricity facilities, Production",IE | Edenderry Power Plant | Edenderry Power Plant,100,18,2025-08.21T23:55,2025-08.22T07:29,"7 hours,34 minutes",Biomass,,2025-08.22T07:20:37,,2,Active,
"Unavailability of electricity facilities, Production",IE | Ringsend Flexgen (IS3),0,64,2025-08.22T05:37,2025-08.22T06:16,39 minutes,Fossil Gas,,2025-08.22T06:25:14,Tripped on start unit under inspection ,2,Active,
"Unavailability of electricity facilities, Production",IE | Poolbeg Flexgen (PB7),0,64,2025-08.22T05:37,2025-08.22T06:03,26 minutes,Fossil Gas,,2025-08.22T06:17:53,Tripped on start,1,Active,
"Unavailability of electricity facilities, Production",IE | Edenderry Power Plant | Edenderry Power Plant,41,77,2025-08.21T09:00,2025-08.21T23:54,"14 hours,54 minutes",Biomass,,2025-08.21T23:53:00,,2,Active,
"Other market information, Market Information",IE,,,2025-08.20T17:14,2025-08.24T17:00,"3 days,23 hours,45 minutes",,,2025-08.21T16:16:46,GI4 experienced a steam turbine fault. This fault is now being repaired  ,2,Active,
"Unavailability of electricity facilities, Production",IE | Edenderry Power Plant | Edenderry Power Plant,100,18,2025-08.21T22:59,2025-08.22T22:59,"23 hours,59 minutes",Biomass,,2025-08.21T09:31:37,,4,Dismissed,CANCELED to prevent overlaps.
"Unavailability of electricity facilities, Production",IE | Edenderry Power Plant | Edenderry Power Plant,41,77,2025-08.20T10:52,2025-08.21T08:59,"22 hours,7 minutes",Biomass,,2025-08.21T09:31:36,,2,Active,
"Unavailability of electricity facilities, Production",IE | Edenderry Power Plant | Edenderry Power Plant,41,77,2025-08.20T07:00,2025-08.20T10:51,"3 hours,51 minutes",Biomass,,2025-08.20T10:53:36,,2,Active,
"Unavailability of electricity facilities, Production",IE | Edenderry Power Plant | Edenderry Power Plant,41,77,2025-08.19T18:00,2025-08.20T06:59,"12 hours,59 minutes",Biomass,,2025-08.20T07:27:22,,2,Active,
"Unavailability of electricity facilities, Production",IE | Kilroot | GU_500820 (KGT3),0,41,2025-08.19T12:40,2025-08.19T18:15,"5 hours,35 minutes",Fossil Oil,,2025-08.19T18:33:05,,3,Dismissed,Electrical protection issues - resolved
"Unavailability of electricity facilities, Production",IE | Kilroot | GU_500821 (KGT4),0,41,2025-08.19T12:40,2025-08.19T18:15,"5 hours,35 minutes",Fossil Oil,,2025-08.19T18:32:38,,3,Dismissed,Electrical protection issues - resolved
"Unavailability of electricity facilities, Production",IE | Edenderry Power Plant | Edenderry Power Plant,0,118,2025-08.18T09:30,2025-08.19T17:59,"1 day,8 hours,29 minutes",Biomass,,2025-08.19T14:29:28,,2,Active,
"Unavailability of electricity facilities, Production",IE | Cloncreen Wind Farm Supply DAC - BESS | Cloncreen Wind Farm Supply DAC - BESS,23,2,2025-08.19T10:20,2025-08.19T14:59,"4 hours,39 minutes",Other,,2025-08.19T10:22:02,,1,Active,
"Unavailability of electricity facilities, Production",IE | Cloncreen Wind Farm Supply DAC - BESS | Cloncreen Wind Farm Supply DAC - BESS,0,25,2025-08.20T14:00,2025-08.20T14:59,59 minutes,Other,,2025-08.19T09:08:45,,1,Active,
"Unavailability of electricity facilities, Production",IE | Edenderry Power Plant | Edenderry Power Plant,0,118,2025-08.16T04:00,2025-08.18T09:29,"2 days,5 hours,29 minutes",Biomass,,2025-08.18T09:24:37,,2,Active,
"Other market information, Market Information",IE | Aghada 02B BESS (AD5),,,2025-08.18T14:00,2025-08.18T14:30,30 minutes,,,2025-08.17T19:27:49,"Unit will be testing, Expected output range 0mws ",1,Active,
"Other market information, Market Information",IE | Aghada AD 4 02A BESS (GU_403570),,,2025-08.18T11:00,2025-08.18T11:30,30 minutes,,,2025-08.17T19:26:18,Unit will be testing. Expected output range 0mws,1,Active,
"Other market information, Market Information",IE | GU_403560,,,2025-08.18T09:00,2025-08.18T09:30,30 minutes,,,2025-08.17T19:23:30,Unit will be testing. Expected output range 0 mws,1,Active,
"Unavailability of electricity facilities, Production",IE | Edenderry Power Plant | Edenderry Power Plant,100,18,2025-08.15T23:00,2025-08.16T03:59,"4 hours,59 minutes",Biomass,,2025-08.16T07:43:47,,2,Active,
"Unavailability of electricity facilities, Production",IE | Poolbeg Flexgen (PB7),0,64,2025-08.11T08:00,2025-08.15T10:21,"4 days,2 hours,21 minutes",Fossil Gas,,2025-08.15T10:27:22,"Annual scheduled inspection of the equipment, safety systems and auxiliaries.",3,Active,
"Unavailability of electricity facilities, Production",IE | Edenderry Power Plant | Edenderry Power Plant,100,18,2025-08.11T10:00,2025-08.15T22:59,"4 days,12 hours,59 minutes",Biomass,,2025-08.15T09:45:30,,2,Active,
"Unavailability of electricity facilities, Production",IE | GU_504110 (GT6),0,326,2025-08.13T11:00,2025-08.13T14:50,"3 hours,50 minutes",Fossil Gas,,2025-08.13T14:43:57,Electrical board reconfiguration,3,Active,
"Unavailability of electricity facilities, Production",IE | Cloosh,0,105,2025-08.13T10:27,2025-08.13T12:45,"2 hours,18 minutes",Wind Onshore,,2025-08.13T11:58:05,Grid,2,Active,
"Unavailability of electricity facilities, Production",IE | CGT,0,64,2025-08.13T10:27,2025-08.13T12:45,"2 hours,18 minutes",Wind Onshore,,2025-08.13T11:57:36,Grid,2,Active,
"Unavailability of electricity facilities, Production",IE | Ballylumford | GU_500283(BGT1),0,58,2025-08.12T22:36,2025-08.13T10:00,"11 hours,24 minutes",Fossil Oil,,2025-08.13T09:53:40,Server Issue Resolved,2,Active,
"Unavailability of electricity facilities, Production",IE | Ballylumford | GU_500284(BGT2),0,58,2025-08.12T22:36,2025-08.13T10:00,"11 hours,24 minutes",Fossil Oil,,2025-08.13T09:52:41,Server Issue Resolved,2,Active,
"Unavailability of electricity facilities, Production",IE | Ballylumford | GU_500284(BGT2),58,0,2025-08.12T18:57,2025-08.12T20:00,"1 hour,3 minutes",Fossil Oil,,2025-08.12T20:05:13,,4,Active,
"Unavailability of electricity facilities, Production",IE | Ballylumford | GU_500283(BGT1),58,0,2025-08.12T18:57,2025-08.12T20:00,"1 hour,3 minutes",Fossil Oil,,2025-08.12T20:04:49,,3,Active,
"Unavailability of electricity facilities, Production",IE | Cloncreen Wind Farm Supply DAC - BESS | Cloncreen Wind Farm Supply DAC - BESS,23,2,2025-08.12T10:00,2025-08.12T16:29,"6 hours,29 minutes",Other,,2025-08.12T16:35:50,,3,Active,
"Unavailability of electricity facilities, Production",IE | Cloncreen Wind Farm Supply DAC - BESS | Cloncreen Wind Farm Supply DAC - BESS,25,0,2025-08.12T16:30,2025-08.12T17:59,"1 hour,29 minutes",Other,,2025-08.12T16:32:20,,1,Active,
"Unavailability of electricity facilities, Production",IE | Cloncreen Wind Farm Supply DAC - BESS | Cloncreen Wind Farm Supply DAC - BESS,23,2,2025-08.11T11:30,2025-08.11T16:29,"4 hours,59 minutes",Other,,2025-08.12T08:54:02,,2,Dismissed,CANCELED to prevent overlaps.
"Unavailability of electricity facilities, Production",IE | Cloncreen Wind Farm Supply DAC - BESS | Cloncreen Wind Farm Supply DAC - BESS,25,0,2025-08.12T11:30,2025-08.12T16:29,"4 hours,59 minutes",Other,,2025-08.12T08:54:02,,2,Dismissed,CANCELED to prevent overlaps.
"Unavailability of electricity facilities, Production",IE | Cloncreen Wind Farm Supply DAC - BESS | Cloncreen Wind Farm Supply DAC - BESS,23,2,2025-08.11T16:30,2025-08.11T20:59,"4 hours,29 minutes",Other,,2025-08.12T08:54:01,,2,Dismissed,CANCELED to prevent overlaps.
"Unavailability of electricity facilities, Production",IE | Mulreavy Wind Farm | Mulreavy Wind Farm (MB1 - GU_401930),0,90,2025-08.13T10:00,2025-08.13T12:00,2 hours,Wind Onshore,,2025-08.11T15:29:48,End time is current best estimate,3,Dismissed,miscommunication with OEM
"Unavailability of electricity facilities, Production",IE | Cloncreen Wind Farm Supply DAC - BESS | Cloncreen Wind Farm Supply DAC - BESS,23,2,2025-08.12T11:30,2025-08.12T16:29,"4 hours,59 minutes",Other,,2025-08.11T10:13:05,,2,Dismissed,CANCELED to prevent overlaps.
"Unavailability of electricity facilities, Production",IE | Edenderry Power Plant | Edenderry Power Plant,100,18,2025-08.08T16:30,2025-08.11T09:59,"2 days,17 hours,29 minutes",Biomass,,2025-08.11T09:55:43,,2,Active,
"Unavailability of electricity facilities, Production",IE | Poolbeg BESS (PB8),0,75,2025-08.11T06:00,2025-08.16T19:00,"5 days,13 hours",Other,,2025-08.10T10:09:10,Required to facilitate outage works on PB7 as both as both PB7 and PB8 share a grid connection.,2,Dismissed,Poolbeg flexgen outage is not removing the transformer so the battery unit is now not affected
"Unavailability of electricity facilities, Production",IE | Edenderry Power Plant | Edenderry Power Plant,80,38,2025-08.11T22:59,2025-08.12T22:59,"23 hours,59 minutes",Biomass,,2025-08.08T16:30:04,,2,Dismissed,CANCELED to prevent overlaps.
"Unavailability of electricity facilities, Production",IE | Edenderry Power Plant | Edenderry Power Plant,90,28,2025-08.08T10:00,2025-08.08T16:29,"6 hours,29 minutes",Biomass,,2025-08.08T16:30:03,,2,Active,
"Unavailability of electricity facilities, Production",IE | Mulreavy Wind Farm | Mulreavy Wind Farm (MB2 - GU_401920),0,5,2025-08.13T10:00,2025-08.13T12:00,2 hours,Wind Onshore,,2025-08.08T14:12:01,End time is current best estimate,2,Active,
"Unavailability of electricity facilities, Production",IE | Ballylumford CCGT | GU_503720(B31),0,247,2025-07.18T14:00,2025-08.08T12:30,"20 days,22 hours,30 minutes",Fossil Gas,,2025-08.08T12:36:11,,4,Active,
"Unavailability of electricity facilities, Production",IE | Edenderry Power Plant | Edenderry Power Plant,80,38,2025-08.08T01:36,2025-08.08T09:59,"8 hours,23 minutes",Biomass,,2025-08.08T09:47:08,,2,Active,
"Unavailability of electricity facilities, Production",IE | Edenderry Power Plant | Edenderry Power Plant,70,48,2025-08.07T22:11,2025-08.08T01:35,"3 hours,24 minutes",Biomass,,2025-08.08T01:42:28,,2,Active,
"Unavailability of electricity facilities, Production",IE | Edenderry Power Plant | Edenderry Power Plant,60,58,2025-08.07T17:30,2025-08.07T22:10,"4 hours,40 minutes",Biomass,,2025-08.07T22:50:29,,2,Active,
"Unavailability of electricity facilities, Production",IE | Edenderry Power Plant | Edenderry Power Plant,50,68,2025-08.06T09:30,2025-08.07T17:29,"1 day,7 hours,59 minutes",Biomass,,2025-08.07T17:33:57,,2,Active,
"Unavailability of electricity facilities, Production",IE | Edenderry Power Plant | Edenderry Power Plant,50,68,2025-08.07T23:00,2025-08.08T22:59,"23 hours,59 minutes",Biomass,,2025-08.07T17:33:57,,2,Dismissed,CANCELED to prevent overlaps.
"Unavailability of electricity facilities, Production",IE | Great Island | Great Island,464,0,2025-08.07T14:25,2025-08.07T14:30,4 minutes,Fossil Gas,,2025-08.07T14:19:53,Testing,1,Active,
"Unavailability of electricity facilities, Production",IE | Aughinish Alumina Limited | Sealrock 3 - GU_400120 (SK3),0,85,2025-07.13T06:00,2025-08.08T10:00,"26 days,4 hours",Fossil Gas,,2025-08.07T09:32:56,,8,Active,
"Unavailability of electricity facilities, Production",IE | Cloncreen Wind Farm Supply DAC - BESS | Cloncreen Wind Farm Supply DAC - BESS,19,6,2025-08.05T09:00,2025-08.06T15:59,"1 day,6 hours,59 minutes",Other,,2025-08.06T12:55:29,,1,Active,
"Unavailability of electricity facilities, Production",IE | Cloncreen Wind Farm Supply DAC - BESS | Cloncreen Wind Farm Supply DAC - BESS,19,6,2025-08.06T09:00,2025-08.06T13:59,"4 hours,59 minutes",Other,,2025-08.06T12:55:28,,2,Dismissed,CANCELED to prevent overlaps.
"Unavailability of electricity facilities, Production",IE | Edenderry Power Plant | Edenderry Power Plant,50,68,2025-08.05T10:00,2025-08.06T09:29,"23 hours,29 minutes",Biomass,,2025-08.06T09:23:49,,2,Active,
"Unavailability of electricity facilities, Production",IE | Dublin Bay | GU_400500 (DB1),214,201,2025-08.03T15:52,2025-08.05T12:42,"1 day,20 hours,50 minutes",Fossil Gas,,2025-08.05T12:43:29,GT Temperature Measurement issue,4,Active,
"Unavailability of electricity facilities, Production",IE | Edenderry Power Plant | Edenderry Power Plant,50,68,2025-08.04T08:00,2025-08.05T09:59,"1 day,1 hour,59 minutes",Biomass,,2025-08.05T09:57:52,,2,Active,
"Unavailability of electricity facilities, Production",IE | Coolkeeragh | GU_500041 (CGT8),26,27,2025-08.04T11:18,2025-08.05T16:00,"1 day,4 hours,42 minutes",Fossil Gas,,2025-08.04T15:41:22,Replacing Filters,3,Active,
"Unavailability of electricity facilities, Production",IE | Edenderry Power Plant | Edenderry Power Plant,100,18,2025-08.04T22:59,2025-08.05T22:59,"23 hours,59 minutes",Biomass,,2025-08.04T07:50:48,,2,Dismissed,CANCELED to prevent overlaps.
"Unavailability of electricity facilities, Production",IE | Edenderry Power Plant | Edenderry Power Plant,85,33,2025-08.03T20:17,2025-08.04T07:59,"11 hours,42 minutes",Biomass,,2025-08.04T07:50:48,,2,Active,
"Unavailability of electricity facilities, Production",IE | Edenderry Power Plant | Edenderry Power Plant,100,18,2025-08.01T23:00,2025-08.03T20:16,"1 day,21 hours,16 minutes",Biomass,,2025-08.03T20:25:10,,2,Active,
"Unavailability of electricity facilities, Production",IE | Moneypoint | GU_400271 (MP2),0,285,2025-07.29T16:30,2025-08.02T05:00,"3 days,12 hours,30 minutes",Fossil Hard coal,,2025-08.02T05:14:14,"Transformer 2 unavailable
Unit available from 13;30  01/08//25 this unit has a  a 56 hour start time",3,Active,
"Unavailability of electricity facilities, Production",IE | Tarbert | Tarbert TEG 2,97,50,2025-08.05T08:00,2025-08.06T17:00,"1 day,9 hours",Fossil Oil,,2025-08.01T20:56:27,Maintenance,1,Active,
"Unavailability of electricity facilities, Production",IE | Kilroot | GU_500821 (KGT4),0,41,2025-08.01T13:30,2025-08.01T14:10,40 minutes,Fossil Oil,,2025-08.01T14:04:01,,2,Active,
"Other market information, Market Information",IE | GU_400272 (MP3),,,2025-07.21T22:00,,"5 months,29 days,11 hours,13 minutes",,,2025-08.01T13:42:27,MP3 is returning from outage and requires a 56 hour cold start before sync.,2,Dismissed,We now have one message to cover all units 
"Other market information, Market Information",IE | Moneypoint,,,2025-06.25T08:30,,"6 months,26 days,43 minutes",,,2025-08.01T13:41:20,"The heat state of the MP Units is cold. If the  units are called, it will take ~ 56 hours to meet the DI.",2,Active,
"Other market information, Market Information",IE | Moneypoint 2,,,2025-08.01T13:30,2025-08.03T21:30,"2 days,8 hours",,,2025-08.01T13:32:16,"The heat state of the MP 2 Unit is cold. If units called, it will take ~ 56 hours to meet the DI ",3,Dismissed,Chane of units 
"Unavailability of electricity facilities, Production",IE | Edenderry Power Plant | Edenderry Power Plant,52,66,2025-08.01T10:30,2025-08.01T13:59,"3 hours,29 minutes",Biomass,,2025-08.01T08:54:35,,1,Active,
"Unavailability of electricity facilities, Production",IE | Edenderry Power Plant | Edenderry Power Plant,100,18,2025-08.01T13:59,2025-08.01T22:59,"8 hours,59 minutes",Biomass,,2025-08.01T08:54:35,,1,Active,
"Unavailability of electricity facilities, Production",IE | Edenderry Power Plant | Edenderry Power Plant,100,18,2025-07.31T08:30,2025-08.01T10:29,"1 day,1 hour,59 minutes",Biomass,,2025-08.01T08:54:34,,2,Active,
"Unavailability of electricity facilities, Production",IE | Kilroot | GU_500825(KGT2),0,29,2025-07.31T11:00,2025-07.31T11:50,50 minutes,Fossil Oil,,2025-07.31T11:51:50,,2,Active,
"Unavailability of electricity facilities, Production",IE | Kilroot | GU_500824 (KGT1),0,29,2025-07.31T09:30,2025-07.31T09:51,21 minutes,Fossil Oil,,2025-07.31T10:03:19,,2,Active,
"Unavailability of electricity facilities, Production",IE | Edenderry Power Plant | Edenderry Power Plant,90,28,2025-07.30T08:40,2025-07.31T08:29,"23 hours,49 minutes",Biomass,,2025-07.31T08:17:47,,2,Active,
"Unavailability of electricity facilities, Production",IE | Whitegate Power Station | Whitegate Power Station,444,0,2025-07.30T16:48,2025-07.30T17:47,59 minutes,Fossil Gas,,2025-07.30T17:47:37,unit fully available,2,Active,
"Unavailability of electricity facilities, Production",IE | Turlough Hill | GU_400363 (TH4),0,73,2025-07.30T09:00,2025-07.30T13:30,"4 hours,30 minutes",Hydro Pumped Storage,,2025-07.30T13:33:13,Partial blockage in Sluce Gate ,3,Active,
"Unavailability of electricity facilities, Production",IE | Turlough Hill | GU_400362 (TH3),0,73,2025-07.30T09:00,2025-07.30T13:30,"4 hours,30 minutes",Hydro Pumped Storage,,2025-07.30T13:32:59,Partial blockage in Sluce Gate ,3,Active,
"Unavailability of electricity facilities, Production",IE | Turlough Hill | GU_400361 (TH2),0,73,2025-07.29T23:00,2025-07.30T13:30,"14 hours,30 minutes",Hydro Pumped Storage,,2025-07.30T13:32:43,Partial blockage in Sluce Gate ,3,Active,
"Unavailability of electricity facilities, Production",IE | Turlough Hill | GU_400360 (TH1),0,73,2025-07.29T23:00,2025-07.30T13:30,"14 hours,30 minutes",Hydro Pumped Storage,,2025-07.30T13:32:30,Partial blockage in Sluce Gate ,3,Active,
"Unavailability of electricity facilities, Production",IE | Edenderry Power Plant | Edenderry Power Plant,80,38,2025-07.29T16:50,2025-07.30T08:39,"15 hours,49 minutes",Biomass,,2025-07.30T08:46:22,,2,Active,
"Other market information, Market Information",IE | Kylemore BESS (IH1),,,2025-07.30T07:00,2025-07.30T10:00,3 hours,,,2025-07.29T17:00:14,"Kylemore BESS will be testing. Expected output range 0-30 mws
",1,Active,
"Unavailability of electricity facilities, Production",IE | Edenderry Power Plant | Edenderry Power Plant,70,48,2025-07.29T08:20,2025-07.29T16:49,"8 hours,29 minutes",Biomass,,2025-07.29T16:53:24,,2,Active,
"Unavailability of electricity facilities, Production",IE | Edenderry Power Plant | Edenderry Power Plant,52,66,2025-07.25T23:00,2025-07.29T08:19,"3 days,9 hours,19 minutes",Biomass,,2025-07.29T08:23:40,,2,Active,
"Other market information, Market Information",IE | Kylemore BESS (IH1),,,2025-07.29T05:00,2025-07.29T14:00,9 hours,,,2025-07.28T18:04:03,"Kylemore BESS will be testing. Expected output range 0-30 mws
",1,Active,
"Other market information, Market Information",IE | Kylemore BESS (IH1),,,2025-07.28T07:15,2025-07.28T13:05,"5 hours,50 minutes",,,2025-07.27T13:52:22,Kylemore BESS will be testing. Expected output range 0-30 mws,1,Active,
"Unavailability of electricity facilities, Production",IE | Ballylumford | GU_500283(BGT1),0,58,2025-07.21T06:00,2025-07.26T13:04,"5 days,7 hours,4 minutes",Fossil Oil,,2025-07.26T13:05:15,Borescopic Inspection,3,Active,
"Unavailability of electricity facilities, Production",IE | Cushaling Power Ltd ED3 CPL | Cushaling Power Ltd ED3 CPL,58,0,2025-07.28T08:00,2025-07.29T07:59,"23 hours,59 minutes",Fossil Oil,,2025-07.25T14:23:29,,1,Active,
"Unavailability of electricity facilities, Production",IE | Cushaling Power Ltd ED3 CPL | Cushaling Power Ltd ED3 CPL,0,58,2025-07.29T07:59,2025-08.28T17:59,"30 days,9 hours,59 minutes",Fossil Oil,,2025-07.25T14:23:29,,2,Active,
"Unavailability of electricity facilities, Production",IE | Edenderry Power Plant | Edenderry Power Plant,0,118,2025-07.24T09:56,2025-07.24T13:59,"4 hours,3 minutes",Biomass,,2025-07.24T14:21:30,,1,Active,
"Unavailability of electricity facilities, Production",IE | Edenderry Power Plant | Edenderry Power Plant,52,66,2025-07.24T13:59,2025-07.25T22:59,"1 day,8 hours,59 minutes",Biomass,,2025-07.24T14:21:29,,1,Active,
"Unavailability of electricity facilities, Production",IE | Edenderry Power Plant | Edenderry Power Plant,52,66,2025-07.24T08:44,2025-07.24T09:55,"1 hour,11 minutes",Biomass,,2025-07.24T14:21:29,,2,Active,
"Unavailability of electricity facilities, Production",IE | Turlough Hill | GU_400360 (TH1),0,73,2025-07.24T10:00,2025-07.24T13:00,3 hours,Hydro Pumped Storage,,2025-07.24T13:00:20,Black start testing,2,Active,
"Unavailability of electricity facilities, Production",IE | Turlough Hill | GU_400361 (TH2),0,73,2025-07.24T10:00,2025-07.24T13:00,3 hours,Hydro Pumped Storage,,2025-07.24T12:59:58,"Black start testing
",2,Active,
"Unavailability of electricity facilities, Production",IE | Turlough Hill | GU_400362 (TH3),0,73,2025-07.24T10:00,2025-07.24T13:00,3 hours,Hydro Pumped Storage,,2025-07.24T12:59:41,"Black start testing
",2,Active,
"Unavailability of electricity facilities, Production",IE | Turlough Hill | GU_400363 (TH4),0,73,2025-07.24T10:00,2025-07.24T13:00,3 hours,Hydro Pumped Storage,,2025-07.24T12:59:22,"Black start testing
",2,Active,
"Unavailability of electricity facilities, Production",IE | Edenderry Power Plant | Edenderry Power Plant,41,77,2025-07.23T10:30,2025-07.24T08:43,"22 hours,13 minutes",Biomass,,2025-07.24T08:43:58,,2,Active,
"Unavailability of electricity facilities, Production",IE | Aghada | GU_400850 (AD2),0,449,2025-07.23T20:28,2025-07.23T21:52,"1 hour,24 minutes",Fossil Gas,,2025-07.23T22:12:13,Feed Water Pump Fault ,3,Active,
"Unavailability of electricity facilities, Production",IE | Kilroot | GU_500821 (KGT4),0,41,2025-07.23T20:32,2025-07.23T21:52,"1 hour,20 minutes",Fossil Oil,,2025-07.23T21:51:48,,2,Active,
"Unavailability of electricity facilities, Production",IE | Kilroot | GU_500820 (KGT3),0,41,2025-07.23T20:32,2025-07.23T21:51,"1 hour,19 minutes",Fossil Oil,,2025-07.23T21:51:02,,2,Active,
"Unavailability of electricity facilities, Production",IE | Aghada | GU_400183 (AT14),0,90,2025-07.22T15:40,2025-07.23T19:41,"1 day,4 hours,1 minute",Fossil Gas,,2025-07.23T20:22:04,Transformer Protection,3,Active,
"Unavailability of electricity facilities, Production",IE | Tynagh Energy Limited,0,404,2025-07.19T23:00,2025-07.24T23:00,5 days,Fossil Gas,,2025-07.23T19:29:20,GT Borescope inspection pre-MI outage,3,Active,
"Unavailability of electricity facilities, Production",IE | Ballylumford CCGT | GU_503740(B10),40,61,2025-07.25T10:30,2025-07.25T12:30,2 hours,Fossil Gas,,2025-07.23T16:12:43,Control Oil Leak Repair,1,Active,
"Unavailability of electricity facilities, Production",IE | Edenderry Power Plant | Edenderry Power Plant,41,77,2025-07.23T06:30,2025-07.23T10:29,"3 hours,59 minutes",Biomass,,2025-07.23T10:08:29,,2,Active,
"Unavailability of electricity facilities, Production",IE | Ringsend Flexgen (IS3) | GU_403610 IS3,0,64,2025-07.22T18:02,2025-07.22T18:12,10 minutes,Fossil Gas,,2025-07.22T18:25:09,User Error - incorrect unit selected to stop,2,Active,
"Unavailability of electricity facilities, Production",IE | Edenderry Power Plant | Edenderry Power Plant,41,77,2025-07.22T16:30,2025-07.22T22:59,"6 hours,29 minutes",Biomass,,2025-07.22T15:01:39,,1,Active,
"Unavailability of electricity facilities, Production",IE | Edenderry Power Plant | Edenderry Power Plant,0,118,2025-07.21T23:00,2025-07.22T16:29,"17 hours,29 minutes",Biomass,,2025-07.22T15:01:39,,2,Active,
"Unavailability of electricity facilities, Production",IE | Tarbert | Tarbert TEG 2,97,50,2025-07.25T08:00,2025-07.26T17:00,"1 day,9 hours",Fossil Oil,,2025-07.22T12:26:54,Maintenance,1,Active,
"Unavailability of electricity facilities, Production",IE | Tarbert | Tarbert TEG 2,97,50,2025-07.23T08:00,2025-07.24T17:00,"1 day,9 hours",Fossil Oil,,2025-07.22T12:12:49,Maintenance,1,Active,
"Unavailability of electricity facilities, Production",IE | Edenderry Power Plant | Edenderry Power Plant,0,118,2025-06.20T11:00,2025-07.21T22:59,"1 month,1 day,11 hours,59 minutes",Biomass,,2025-07.21T09:58:51,,2,Active,
"Unavailability of electricity facilities, Production",IE | Tarbert | Tarbert TEG 2,97,50,2025-07.21T08:00,2025-07.22T17:00,"1 day,9 hours",Fossil Oil,,2025-07.19T20:28:02,Maintenance,1,Active,
"Other market information, Market Information",IE | GU_400181 (AT11),,,2023-12.31T00:00,2028-12.31T00:00,5 years,,,2025-07.19T12:15:50,AT11 is now in compliance with IED limits and fully available beyond 31.12.23 until 30.09.29.,3,Active,
"Unavailability of electricity facilities, Production",IE | Aghada 02B BESS (AD5) | AD5 (02B GU_404920),0,75,2025-07.18T09:30,2025-07.18T15:33,"6 hours,3 minutes",Other,,2025-07.18T15:36:25,STMO,3,Active,
"Unavailability of electricity facilities, Production",IE | Ballylumford | GU_500283(BGT1),29,29,2025-07.17T08:00,2025-07.17T12:27,"4 hours,27 minutes",Fossil Oil,,2025-07.17T12:32:22,Compressor Wash Completed,3,Active,
"Unavailability of electricity facilities, Production",IE | Aghada AD 4 02A BESS (GU_403570) | GU_403570) AD4 02A BESS,0,75,2025-07.17T09:30,2025-07.17T14:30,5 hours,Other renewable,,2025-07.17T07:23:35,STMO,2,Active,
"Unavailability of electricity facilities, Production",IE | Aghada | GU_400183 (AT14),0,90,2025-07.14T10:00,2025-07.16T23:30,"2 days,13 hours,30 minutes",Fossil Gas,,2025-07.16T23:32:00,Seal oil system repairs. ,5,Active,
"Unavailability of electricity facilities, Production",IE | Turlough Hill | GU_400361 (TH2),0,73,2025-07.16T09:30,2025-07.16T16:00,"6 hours,30 minutes",Hydro Pumped Storage,,2025-07.16T15:19:05,Maintenance.,4,Active,
"Other market information, Market Information",IE | Poolbeg BESS (PB8),,,2025-07.17T04:30,2025-07.17T15:30,11 hours,,,2025-07.16T11:21:05,PB8 testing with  a output range of -75MWs to 75MWs. ,1,Active,
"Unavailability of electricity facilities, Production",IE | Turlough Hill | GU_400361 (TH2),73,0,2025-07.15T15:31,2025-07.16T09:30,"17 hours,59 minutes",Hydro Pumped Storage,,2025-07.16T09:44:00,"Unable to pump - Air injection 

Can still generate",2,Active,
"Unavailability of electricity facilities, Production",IE | Ballylumford CCGT | GU_503730(B32),0,247,2025-07.15T13:45,2025-07.15T20:00,"6 hours,15 minutes",Fossil Gas,,2025-07.15T20:07:03,,2,Active,
"Unavailability of electricity facilities, Production",IE | CGT,0,64,2025-07.08T08:00,2025-07.17T11:00,"9 days,3 hours",Wind Onshore,,2025-07.15T13:42:57,Grid,2,Active,
"Unavailability of electricity facilities, Production",IE | Ringsend Flexgen (IS3) | GU_403610 IS3,0,64,2025-07.10T14:02,2025-07.15T11:45,"4 days,21 hours,43 minutes",Fossil Gas,,2025-07.15T11:53:57,Fuel Gas Compressor Fault,4,Active,
"Other market information, Market Information",IE | Poolbeg BESS (PB8),,,2025-07.16T03:00,2025-07.16T13:50,"10 hours,50 minutes",,,2025-07.15T08:27:02,Poolbeg BESS testing with a output range of -40MWs to 75MWs. ,1,Active,
"Other market information, Market Information",IE | PoolbegBESS (PB8),,,2025-07.15T07:30,2025-07.15T13:00,"5 hours,30 minutes",,,2025-07.14T17:28:47,PB8 is testing 07:30 - 13:00 with an output range of 6MWs - 75MWs. ,2,Active,
"Unavailability of electricity facilities, Production",IE | Aghada | GU_400181 (AT11),0,90,2025-07.14T10:00,2025-07.15T13:00,"1 day,3 hours",Other,,2025-07.14T10:17:49,Seal Oil System Repairs,2,Dismissed,Incorrect Unit - AT14 declared unavailable. 
"Unavailability of electricity facilities, Production",IE | Cloosh,0,105,2025-07.08T08:00,2025-07.13T10:41,"5 days,2 hours,40 minutes",Wind Onshore,,2025-07.13T10:40:44,Grid,5,Active,
"Unavailability of electricity facilities, Production",IE | Turlough Hill | GU_400362 (TH3),0,73,2025-07.11T00:00,2025-07.11T12:30,"12 hours,30 minutes",Hydro Pumped Storage,,2025-07.11T12:31:32,Issue with valve system ,5,Active,
"Unavailability of electricity facilities, Production",IE | Moneypoint | GU_400272 (MP3),0,285,2025-06.30T11:50,2025-07.21T22:00,"21 days,10 hours,10 minutes",Fossil Hard coal,,2025-07.10T17:09:24,abatement  Plant Works ,4,Active,
"Unavailability of electricity facilities, Production",IE | Poolbeg BESS (PB8) | PoolbegBESS (PB8),0,75,2025-07.14T11:00,2025-07.14T13:00,2 hours,Other,,2025-07.09T18:31:02,STMO,1,Active,
"Unavailability of electricity facilities, Production",IE | Aghada | GU_400181 (AT11),0,90,2025-07.09T10:35,2025-07.09T12:35,2 hours,Fossil Gas,,2025-07.09T10:36:31,Distillate Issue,1,Active,
"Unavailability of electricity facilities, Production",IE | Whitegate Power Station | Whitegate Power Station,388,56,2025-07.08T15:14,2025-07.08T21:14,6 hours,Fossil Gas,,2025-07.08T20:36:08,"Due to high ambient temperature, the unit is currently declared at 388MW ",3,Dismissed,Fully available as of 20:20 - declared available using AM code
"Other market information, Market Information",IE | GU_400181 (AT11),,,2025-07.09T09:30,2025-07.09T16:00,"6 hours,30 minutes",,,2025-07.08T15:16:18,AT11 has testing planned to happen on July 9th.,1,Active,
"Unavailability of electricity facilities, Production",IE | Huntstown | Huntstown 2 (HN2),0,400,2025-07.08T04:16,2025-07.08T06:33,"2 hours,17 minutes",Fossil Gas,,2025-07.08T06:35:55,Unit now fully available.,2,Active,
"Other market information, Market Information",IE | GU_403560,,,2025-07.08T05:00,2025-07.08T14:00,9 hours,,,2025-07.07T17:58:08,Aghada BESS AD3 will be testing. Expected output range 0 -19mws,1,Active,
"Other market information, Market Information",IE | GU_403560,,,2025-07.07T07:25,2025-07.07T13:05,"5 hours,40 minutes",,,2025-07.06T18:17:35,Aghada BESS AD3 will be testing. Expected output range 0-19mws,1,Active,
"Unavailability of electricity facilities, Production",IE | Great Island | Great Island,0,464,2025-07.06T13:52,2025-07.06T15:22,"1 hour,29 minutes",Fossil Gas,,2025-07.06T14:16:28,Plant Fault - Gas Turbine,1,Active,
"Unavailability of electricity facilities, Production",IE | Coomacheo,0,59,2025-06.30T07:30,2025-07.05T15:11,"5 days,7 hours,41 minutes",Wind Onshore,,2025-07.05T15:09:57,Planned Outage,5,Active,
"Other market information, Market Information",IE | GU_400182 (AT12),,,2025-07.04T11:30,2025-07.04T16:30,5 hours,,,2025-07.04T11:01:30,AT12 will be testing. Expected output range 0-85mws,1,Active,
"Unavailability of electricity facilities, Production",IE | Aghada | GU_400183 (AT14),0,90,2025-07.01T18:30,2025-07.04T01:00,"2 days,6 hours,30 minutes",Fossil Gas,,2025-07.04T00:43:21,Unit Trip - Investigating,4,Active,
"Unavailability of electricity facilities, Production",IE | Ringsend Flexgen (IS3),0,64,2025-06.21T03:43,2025-07.03T17:28,"12 days,13 hours,45 minutes",Fossil Gas,,2025-07.03T17:39:41,Suspected gas release.,6,Active,
"Unavailability of electricity facilities, Production",IE | Ballylumford CCGT | GU_503720(B31),161,86,2025-07.02T14:40,2025-07.03T16:55,"1 day,2 hours,15 minutes",Fossil Gas,,2025-07.03T17:11:15,,4,Active,
"Unavailability of electricity facilities, Production",IE | Kilroot | GU_500825(KGT2),0,29,2025-07.02T17:40,2025-07.03T13:30,"19 hours,50 minutes",Fossil Oil,,2025-07.03T13:13:25,,3,Active,
"Other market information, Market Information",IE | Yellow River,,,2025-07.04T08:00,2025-07.04T18:30,"10 hours,30 minutes",,Yellow River,2025-07.02T17:51:07,Please be advised that Grid Code testing is scheduled to take place. A significant reduction in MW output is expected at times during the test window due to system requirements and test conditions.,1,Active,
"Unavailability of electricity facilities, Production",IE | Ballylumford CCGT | GU_503720(B31),0,247,2025-06.29T05:00,2025-07.02T14:40,"3 days,9 hours,40 minutes",Fossil Gas,,2025-07.02T14:46:06,Guillotine removal,3,Active,
"Unavailability of electricity facilities, Production",IE | Aghada | GU_400182 (AT12),0,90,2025-07.02T13:00,2025-07.02T16:00,3 hours,Fossil Gas,,2025-07.02T13:00:53,Unit Trip - Investigating ,1,Active,
"Unavailability of electricity facilities, Production",IE | Cloncreen Wind Farm Supply DAC - BESS | Cloncreen Wind Farm Supply DAC - BESS,0,25,2025-07.03T10:00,2025-07.03T12:59,"2 hours,59 minutes",Other,,2025-07.01T13:48:32,,1,Active,
"Unavailability of electricity facilities, Production",IE | Tawnaghmore | TAWN3,52,0,2025-06.30T19:24,2025-07.01T09:55,"14 hours,31 minutes",Fossil Gas,,2025-07.01T09:50:25,Plant Fault - Generator,2,Active,
"Unavailability of electricity facilities, Production",IE | Turlough Hill | GU_400360 (TH1),0,73,2025-07.02T10:00,2025-07.02T15:00,5 hours,Hydro Pumped Storage,,2025-07.01T09:49:49,MIV Works,1,Active,
"Unavailability of electricity facilities, Production",IE | Tynagh Energy Limited,0,404,2025-06.30T15:00,2025-06.30T18:55,"3 hours,55 minutes",Fossil Gas,,2025-06.30T19:06:18,ST Turning gear issue.,3,Active,
"Unavailability of electricity facilities, Production",IE | Aghada | GU_400181 (AT11),0,90,2025-06.28T15:00,2025-06.29T14:30,"23 hours,30 minutes",Fossil Gas,,2025-06.29T14:30:47,UPS Failure,2,Active,
"Unavailability of electricity facilities, Production",IE | Poolbeg | GU_400325 (PBB),0,232,2025-06.29T02:30,2025-06.29T08:45,"6 hours,15 minutes",Fossil Gas,,2025-06.29T08:53:46,Fail start,2,Active,
"Unavailability of electricity facilities, Production",IE | Poolbeg | GU_400324 (PBA),116,116,2025-06.28T22:40,2025-06.29T00:10,"1 hour,30 minutes",Fossil Gas,,2025-06.29T00:08:23,,2,Active,
"Unavailability of electricity facilities, Production",IE | Poolbeg | GU_400325 (PBB),0,232,2025-06.15T00:00,2025-06.27T23:00,"12 days,23 hours",Fossil Gas,,2025-06.27T20:55:46,GT minor inspection and other repair works and inspections,3,Active,
"Unavailability of electricity facilities, Production",IE | Poolbeg | GU_400324 (PBA),150,82,2025-06.20T20:00,2025-06.27T23:00,"7 days,3 hours",Fossil Gas,,2025-06.27T20:54:59,ST 16 outage leading to reduced availability on PBA,2,Active,
"Unavailability of electricity facilities, Production",IE | Kilroot | GU_500821 (KGT4),0,41,2025-06.23T06:00,2025-06.27T13:30,"4 days,7 hours,30 minutes",Fossil Oil,,2025-06.27T13:18:14,Routine Maintenance,3,Active,
"Unavailability of electricity facilities, Production",IE | Aghada | GU_400850 (AD2),0,449,2025-06.27T22:00,2025-06.29T22:00,2 days,Fossil Gas,,2025-06.26T18:27:14,Short term outage to isolate main cooling water pump,2,Dismissed,Unable to verify the isolation of the MCW Pump without unit shutdown.
"Unavailability of electricity facilities, Production",IE | Aghada | GU_400181 (AT11),0,90,2025-06.23T00:01,2025-06.26T17:25,"3 days,17 hours,24 minutes",Other,,2025-06.26T17:47:44,Offline Compressor Washing,3,Active,
"Unavailability of electricity facilities, Production",IE | Tawnaghmore | TAWN3,0,52,2025-07.21T08:00,2025-07.25T19:00,"4 days,11 hours",Fossil Gas,,2025-06.26T14:51:50,Maintenance,1,Active,
"Other market information, Market Information",IE | Corduff Flexgen (FG2),,,2025-06.27T08:30,2025-06.27T18:00,"9 hours,30 minutes",,,2025-06.26T08:42:33,Unit testing tomorrow with an output range of 22MWs to 63.5MWs and will not be available for dispatch during this time,1,Active,
"Other market information, Market Information",IE | Corduff Flexgen (FG2),,,2025-06.26T08:00,2025-06.26T17:30,"9 hours,30 minutes",,,2025-06.25T17:39:09,Unit testing tomorrow with an output range of 22MWs to 63.5MWs,1,Active,
"Unavailability of electricity facilities, Production",IE | Cloncreen Wind Farm Supply DAC - BESS | Cloncreen Wind Farm Supply DAC - BESS,0,25,2025-06.25T08:00,2025-06.26T15:59,"1 day,7 hours,59 minutes",Other,,2025-06.25T16:35:43,,1,Active,
"Unavailability of electricity facilities, Production",IE | Tarbert | Tarbert TEG 2,0,147,2025-06.24T08:00,2025-06.26T17:00,"2 days,8 hours,59 minutes",Fossil Oil,,2025-06.25T15:15:49,Planned Outage,1,Active,
"Unavailability of electricity facilities, Production",IE | Ballylumford CCGT | GU_503720(B31),161,86,2025-03.12T21:40,2025-06.29T05:00,"3 months,16 days,7 hours,20 minutes",Fossil Gas,,2025-06.25T12:51:30,Storm Darragh wind damage,7,Active,
"Unavailability of electricity facilities, Production",IE | Huntstown | Huntstown 2 (HN2),0,400,2025-05.28T23:00,2025-06.25T16:00,"27 days,17 hours",Fossil Gas,,2025-06.24T17:02:53,End time is best estimate at this stage and return to service will be updated as work progresses.,12,Active,
"Other market information, Market Information",IE | Corduff Flexgen (FG2),,,2025-06.25T08:30,2025-06.25T17:30,9 hours,,,2025-06.24T14:14:53,Unit testing tomorrow with an output range of 22MWs to 63.5MWs,1,Active,
"Unavailability of electricity facilities, Production",IE | Kylemore BESS (IH1) | IH1,0,30,2025-06.30T09:30,2025-06.30T11:30,2 hours,Other,,2025-06.24T14:12:35,STMO,1,Active,
"Unavailability of electricity facilities, Production",IE | Poolbeg BESS (PB8) | PoolbegBESS (PB8),0,75,2025-06.30T14:30,2025-06.30T16:30,2 hours,Other,,2025-06.24T14:10:47,STMO,1,Active,
"Unavailability of electricity facilities, Production",IE | Southwall BESS (IS2) | Southwall BESS (IS2),0,30,2025-06.30T12:00,2025-06.30T14:00,2 hours,Other,,2025-06.24T14:08:40,STMO,1,Active,
"Unavailability of electricity facilities, Production",IE | Moneypoint | GU_400271 (MP2),0,285,2025-06.16T08:00,2025-06.25T22:00,"9 days,14 hours",Fossil Hard coal,,2025-06.24T12:03:25,propane malfunction ,5,Active,
"Unavailability of electricity facilities, Production",IE | Tynagh Energy Limited | Tynagh Energy Limited,0,404,2025-06.23T08:00,2025-06.23T14:30,"6 hours,30 minutes",Fossil Gas,,2025-06.23T12:44:09,HRSG attemperation repair,2,Active,
"Unavailability of electricity facilities, Production",IE | Ballylumford CCGT | GU_503740(B10),0,101,2025-06.16T19:00,2025-06.21T15:00,"4 days,20 hours",Fossil Gas,,2025-06.21T15:06:59,GT Minor Inspection,5,Active,
"Unavailability of electricity facilities, Production",IE | Moneypoint | GU_400271 (MP2),0,285,2025-06.21T11:45,2025-06.23T22:00,"2 days,10 hours,15 minutes",Fossil Hard coal,,2025-06.21T12:05:48,,2,Dismissed,double entered 
"Unavailability of electricity facilities, Production",IE | Edenderry Power Plant | Edenderry Power Plant,42,76,2025-06.20T09:20,2025-06.20T10:59,"1 hour,39 minutes",Biomass,,2025-06.20T09:37:19,,1,Active,
"Unavailability of electricity facilities, Production",IE | Edenderry Power Plant | Edenderry Power Plant,55,63,2025-06.09T09:35,2025-06.20T09:19,"10 days,23 hours,44 minutes",Biomass,,2025-06.20T09:37:18,,2,Active,
"Other market information, Market Information",IE | Moneypoint,,,2025-06.20T18:00,2025-07.01T00:00,"10 days,6 hours",,,2025-06.20T08:34:16,"Moneypoint unit 3,GU_400272 is on 100% HFO",1,Active,
"Unavailability of electricity facilities, Production",IE | Poolbeg | GU_400324 (PBA),150,82,2025-06.14T18:00,2025-06.17T14:30,"2 days,20 hours,30 minutes",Fossil Gas,,2025-06.17T15:12:30,OCGT - Diverter Damper Issue,3,Active,
"Unavailability of electricity facilities, Production",IE | Kilroot | GU_500821 (KGT4),0,41,2025-06.16T08:00,2025-06.16T16:00,8 hours,Fossil Oil,,2025-06.16T15:46:22,Compressor Wash,2,Active,
"Unavailability of electricity facilities, Production",IE | Aghada | GU_400850 (AD2),0,449,2025-06.15T18:37,2025-06.16T08:00,"13 hours,23 minutes",Fossil Gas,,2025-06.16T00:28:19,Gas Turbine Issue,2,Active,
"Unavailability of electricity facilities, Production",IE | Poolbeg | GU_400324 (PBA),0,232,2025-06.03T22:00,2025-06.14T18:00,"10 days,20 hours",Fossil Gas,,2025-06.14T17:49:21,GT and generator minor inspection and other repair works and inspections,4,Active,
"Unavailability of electricity facilities, Production",IE | Rhode | RHODE1,52,0,2025-06.12T17:09,2025-06.14T15:45,"1 day,22 hours,36 minutes",Fossil Gas,,2025-06.14T15:41:41,Plant Fault - Generator,3,Active,
"Unavailability of electricity facilities, Production",IE | Rhode | RHODE2,52,0,2025-06.14T11:30,2025-06.14T14:30,3 hours,Fossil Gas,,2025-06.14T14:28:37,Plant Fault - Generator,2,Active,
"Unavailability of electricity facilities, Production",IE | Ballylumford CCGT | GU_503730(B32),0,247,2025-06.10T19:00,2025-06.13T18:39,"2 days,23 hours,39 minutes",Fossil Gas,,2025-06.13T19:04:14,GT Minor inspection.,4,Active,
"Unavailability of electricity facilities, Production",IE | Aughinish Alumina Limited | Sealrock 4 - GU_400121 (SK4),0,85,2025-06.09T06:00,2025-06.14T18:00,"5 days,12 hours",Fossil Gas,,2025-06.12T12:25:00,,2,Active,
"Unavailability of electricity facilities, Production",IE | Aghada 02B BESS (AD5),0,75,2025-06.12T09:30,2025-06.12T11:30,2 hours,Other,,2025-06.12T11:54:17,STMO -  Firmware update. ,2,Active,
"Unavailability of electricity facilities, Production",IE | Moneypoint | GU_400272 (MP3),0,285,2025-06.12T05:00,2025-06.12T09:30,"4 hours,30 minutes",Fossil Hard coal,,2025-06.12T09:40:46,Excitation Issue,3,Active,
"Unavailability of electricity facilities, Production",IE | Moneypoint | GU_400270 (MP1),0,285,2025-06.12T05:00,2025-06.12T06:00,1 hour,Fossil Hard coal,,2025-06.12T07:30:17,,2,Dismissed,Incorrect Unit 
"Other market information, Market Information",IE | Moneypoint,,,2025-06.12T10:00,2025-06.12T19:15,"9 hours,15 minutes",,,2025-06.12T07:10:44,"Moneypoint unit 3 is testing at this time, Expected output range 0-120mws",3,Active,
"Unavailability of electricity facilities, Production",IE | Tarbert | Tarbert TEG 2,97,50,2025-06.12T08:00,2025-06.12T17:00,9 hours,Fossil Oil,,2025-06.11T15:27:58,Planned Outage,2,Dismissed,No longer required by EPC
"Other market information, Market Information",IE | Moneypoint,,,2025-05.29T10:00,2025-06.12T06:00,"13 days,20 hours",,,2025-06.11T12:37:33,MP3 is on a test commencing June 12th 06:00. Ex ante trading will recommence for trading day June 12th,5,Active,
"Unavailability of electricity facilities, Production",IE | Castlereagh BESS | Castlereagh BESS (CSB - GU_503350),0,50,2025-06.11T08:46,2025-06.11T11:00,"2 hours,14 minutes",Other,,2025-06.11T08:53:15,"End time is current best estimate, will be revised as required",1,Active,
"Unavailability of electricity facilities, Production",IE | Turlough Hill | GU_400362 (TH3),0,73,2025-06.09T21:44,2025-06.10T12:10,"14 hours,26 minutes",Hydro Pumped Storage,,2025-06.10T12:11:20,Instrumentation issue,2,Active,
"Unavailability of electricity facilities, Production",IE | Yellow River,0,101,2025-06.10T10:00,2025-06.10T12:15,"2 hours,15 minutes",Wind Onshore,,2025-06.09T17:20:44,Planned Outage,3,Dismissed,Contractor unavailability
"Unavailability of electricity facilities, Production",IE | Aghada 02A BESS (AD4),0,75,2025-06.11T13:30,2025-06.11T16:30,3 hours,Other,,2025-06.09T12:57:46,STMO -  Firmware update. ,1,Active,
"Unavailability of electricity facilities, Production",IE | Edenderry Power Plant | Edenderry Power Plant,55,63,2025-06.20T10:59,2025-06.20T10:59,,Biomass,,2025-06.09T09:46:31,,2,Active,
"Unavailability of electricity facilities, Production",IE | Edenderry Power Plant | Edenderry Power Plant,55,63,2025-06.09T09:30,2025-06.09T09:34,4 minutes,Biomass,,2025-06.09T09:33:12,,2,Active,
"Unavailability of electricity facilities, Production",IE | Edenderry Power Plant | Edenderry Power Plant,55,63,2025-06.08T15:00,2025-06.09T09:29,"18 hours,29 minutes",Biomass,,2025-06.09T09:28:14,,2,Active,
"Other market information, Market Information",IE | Great Island,,,2024-08.02T00:00,2025-06.10T03:00,"10 months,8 days,3 hours",,Gt Island CCGT,2025-06.09T04:07:03,Great Island is unavailable to run on oil due to plant fault.,6,Active,
"Other market information, Market Information",IE | Great Island,,,2025-06.09T04:00,2025-06.10T03:00,23 hours,,Gt Island CCGT,2025-06.09T04:06:39,Unit will be completing testing within the range of 165MW - 464MW following completion of Outage.,6,Active,
"Unavailability of electricity facilities, Production",IE | Great Island | Great Island,0,464,2025-05.09T23:59,2025-06.09T03:40,"30 days,3 hours,41 minutes",Fossil Gas,,2025-06.09T03:34:39,Planned Outage,9,Active,
"Unavailability of electricity facilities, Production",IE | Edenderry Power Plant | Edenderry Power Plant,41,77,2025-06.08T04:00,2025-06.08T14:59,"10 hours,59 minutes",Biomass,,2025-06.08T14:58:57,,2,Active,
"Unavailability of electricity facilities, Production",IE | Edenderry Power Plant | Edenderry Power Plant,0,118,2025-06.07T12:00,2025-06.08T03:59,"15 hours,59 minutes",Biomass,,2025-06.07T21:10:30,,2,Active,
"Unavailability of electricity facilities, Production",IE | Kilroot | GU_500820 (KGT3),0,41,2025-06.02T06:00,2025-06.06T13:50,"4 days,7 hours,50 minutes",Fossil Oil,,2025-06.06T13:49:22,"Borescopic Inspection
INSPECTION COMPLETE",4,Active,
"Unavailability of electricity facilities, Production",IE | Kilroot | GU_500821 (KGT4),0,41,2025-06.04T09:00,2025-06.06T11:00,"2 days,2 hours",Fossil Oil,,2025-06.06T10:57:15,"Transmission system outage
Testing and Battery Charging
Outage Complete",3,Active,
"Unavailability of electricity facilities, Production",IE | Aghada | GU_400183 (AT14),0,90,2025-06.16T00:01,2025-06.19T23:59,"3 days,23 hours,58 minutes",Other,,2025-06.05T17:10:00,Offline compressor Washing,3,Dismissed,Outage has been withdrawn.
"Unavailability of electricity facilities, Production",IE | Huntstown | Huntstown 1 (HNC),220,122,2025-06.05T09:19,2025-06.05T13:21,"4 hours,2 minutes",Fossil Gas,,2025-06.05T13:22:02,"outage complete, unit fully available",3,Active,
"Unavailability of electricity facilities, Production",IE | Huntstown Emergency Power | Huntstown Emergency Power,0,50,2025-06.16T08:00,2025-06.19T17:00,"3 days,9 hours",Fossil Gas,,2025-06.05T11:11:04,End time is best estimate at this stage.,1,Active,
"Unavailability of electricity facilities, Production",IE | Yellow River,0,101,2025-06.04T14:00,2025-06.04T16:00,"1 hour,59 minutes",Wind Onshore,,2025-06.04T14:02:55,Grid,1,Active,
"Unavailability of electricity facilities, Production",IE | GU_504110 (GT6),0,326,2025-06.04T12:00,2025-06.04T15:00,3 hours,Fossil Gas,,2025-06.04T13:43:40,Logic investigation,2,Active,
"Unavailability of electricity facilities, Production",IE | Rhode | RHODE1,52,0,2025-05.16T09:30,2025-06.04T08:30,"18 days,23 hours",Fossil Gas,,2025-06.04T08:28:05,Outage Overrun,6,Active,
"Unavailability of electricity facilities, Production",IE | Edenderry Power Plant | Edenderry Power Plant,118,0,2025-06.03T07:40,2025-06.03T22:59,"15 hours,19 minutes",Biomass,,2025-06.03T07:36:36,,1,Active,
"Unavailability of electricity facilities, Production",IE | Edenderry Power Plant | Edenderry Power Plant,90,28,2025-06.01T23:00,2025-06.03T07:39,"1 day,8 hours,39 minutes",Biomass,,2025-06.03T07:36:35,,2,Active,
"Unavailability of electricity facilities, Production",IE | Huntstown | Huntstown 1 (HNC),320,22,2025-06.03T17:00,2025-06.03T18:00,1 hour,Fossil Gas,,2025-06.02T11:55:21,"The plant will be under test for at the following time: 
03/06/25 17:00 - 18:00 ",2,Dismissed,Testing to be rescheduled
"Unavailability of electricity facilities, Production",IE | Huntstown | Huntstown 1 (HNC),120,222,2025-06.04T10:00,2025-06.04T11:00,1 hour,Fossil Gas,,2025-06.02T11:54:52,"The plant will be under test for at the following time: 
04/06/25 10:00 - 11:00 @ 120MW",4,Dismissed,Testing to be rescheduled
"Unavailability of electricity facilities, Production",IE | Huntstown | Huntstown 2 (HN2),390,10,2025-06.04T17:00,2025-06.04T18:00,1 hour,Fossil Gas,,2025-06.01T10:01:36,"The plant will be under test for at the following time: 
04/06/25 17:00 - 18:00 @ 390MW",2,Dismissed,Overlap with other maintenance
"Unavailability of electricity facilities, Production",IE | Huntstown | Huntstown 2 (HN2),121,279,2025-06.05T10:00,2025-06.05T11:00,1 hour,Fossil Gas,,2025-06.01T10:00:57,"The plant will be under test for at the following time: 
05/06/25 10:00 - 11:00 @ 121MW",4,Dismissed,Overlap with other maintenance
"Unavailability of electricity facilities, Production",IE | GU_504110 (GT6),0,326,2025-05.27T06:00,2025-05.30T21:30,"3 days,15 hours,30 minutes",Fossil Gas,,2025-05.30T20:54:48,General Maintenance ,3,Active,
"Unavailability of electricity facilities, Production",IE | Edenderry Power Plant | Edenderry Power Plant,90,28,2025-05.30T20:45,2025-06.01T22:59,"2 days,2 hours,14 minutes",Biomass,,2025-05.30T20:42:09,,1,Active,
"Unavailability of electricity facilities, Production",IE | Edenderry Power Plant | Edenderry Power Plant,118,0,2025-05.31T22:59,2025-06.01T22:59,"23 hours,59 minutes",Biomass,,2025-05.30T20:42:08,,3,Dismissed,CANCELED to prevent overlaps.
"Unavailability of electricity facilities, Production",IE | Edenderry Power Plant | Edenderry Power Plant,118,0,2025-05.29T07:00,2025-05.30T20:44,"1 day,13 hours,44 minutes",Biomass,,2025-05.30T20:42:08,,2,Active,
"Unavailability of electricity facilities, Production",IE | Turlough Hill | GU_400360 (TH1),0,73,2025-05.30T14:00,2025-05.30T15:01,"1 hour,1 minute",Hydro Pumped Storage,,2025-05.30T15:06:18,Replacing Cooling Fan.,3,Active,
"Unavailability of electricity facilities, Production",IE | Aghada | GU_400182 (AT12),0,90,2025-06.03T00:01,2025-06.06T23:59,"3 days,23 hours,58 minutes",Other,,2025-05.30T11:27:09,Offline compressor Washing,3,Dismissed,outage cancelled will be rearranged for a future date
"Unavailability of electricity facilities, Production",IE | Kilroot | GU_500820 (KGT3),0,41,2025-05.31T08:00,2025-05.31T16:00,8 hours,Fossil Oil,,2025-05.30T10:50:43,Compressor Wash,2,Dismissed,Outage not required
"Unavailability of electricity facilities, Production",IE | Yellow River,100,1,2025-06.06T10:00,2025-06.06T10:05,5 minutes,Wind Onshore,,2025-05.29T17:51:20,Commissioning,2,Dismissed,Test Message 
"Unavailability of electricity facilities, Production",IE | Coolkeeragh | GU_500040 (C30),0,425,2025-06.25T00:01,2025-06.27T23:59,"2 days,23 hours,58 minutes",Fossil Gas,,2025-05.29T17:08:00,Brush gear and Offline PM work,2,Dismissed,Min outage date bought  forward by a week.
"Unavailability of electricity facilities, Production",IE | Edenderry Power Plant | Edenderry Power Plant,41,77,2025-05.28T20:30,2025-05.29T06:59,"10 hours,29 minutes",Biomass,,2025-05.29T06:45:42,,2,Active,
"Unavailability of electricity facilities, Production",IE | Edenderry Power Plant | Edenderry Power Plant,0,118,2025-05.27T23:32,2025-05.28T20:29,"20 hours,57 minutes",Biomass,,2025-05.28T20:18:06,,2,Active,
"Unavailability of electricity facilities, Production",IE | Edenderry Power Plant | Edenderry Power Plant,118,0,2025-05.28T22:59,2025-05.28T22:59,,Biomass,,2025-05.28T20:18:06,,3,Dismissed,CANCELED to prevent overlaps.
"Unavailability of electricity facilities, Production",IE | Edenderry Power Plant | Edenderry Power Plant,0,118,2025-05.28T23:00,2025-05.29T22:59,"23 hours,59 minutes",Biomass,,2025-05.28T20:18:05,,2,Dismissed,CANCELED to prevent overlaps.
"Other market information, Market Information",IE | Yellow River,,,2025-05.28T13:15,2025-05.28T17:00,"3 hours,45 minutes",,Yellow River,2025-05.28T13:10:31,Other Market Information message withdrawn – site commissioning complete.,2,Active,
"Unavailability of electricity facilities, Production",IE | Edenderry Power Plant | Edenderry Power Plant,41,77,2025-05.27T22:30,2025-05.27T23:31,"1 hour,1 minute",Biomass,,2025-05.27T23:38:15,,2,Active,
"Unavailability of electricity facilities, Production",IE | Edenderry Power Plant | Edenderry Power Plant,0,118,2025-05.26T22:58,2025-05.27T22:29,"23 hours,31 minutes",Biomass,,2025-05.27T21:03:23,,2,Active,
"Unavailability of electricity facilities, Production",IE | Edenderry Power Plant | Edenderry Power Plant,118,0,2025-05.27T22:59,2025-05.27T22:59,,Biomass,,2025-05.27T21:03:23,,3,Dismissed,CANCELED to prevent overlaps.
"Unavailability of electricity facilities, Production",IE | Edenderry Power Plant | Edenderry Power Plant,0,118,2025-05.27T23:00,2025-05.28T22:59,"23 hours,59 minutes",Biomass,,2025-05.27T21:03:22,,2,Dismissed,CANCELED to prevent overlaps.
"Unavailability of electricity facilities, Production",IE | Huntstown | Huntstown 1 (HNC),220,122,2025-05.27T19:00,2025-05.27T20:49,"1 hour,49 minutes",Fossil Gas,,2025-05.27T20:50:40,Unit is now fully available in combined cycle.,2,Active,
"Unavailability of electricity facilities, Production",IE | Huntstown | Huntstown 1 (HNC),0,342,2025-04.26T12:00,2025-05.27T16:30,"1 month,1 day,4 hours,30 minutes",Fossil Gas,,2025-05.27T16:56:19,Unit is now fully available in combined cycle,12,Active,
"Other market information, Market Information",IE | Moneypoint,,,2025-05.27T15:00,2025-06.03T17:00,"7 days,2 hours",,,2025-05.27T15:05:02,"Moneypoint unit 3, GU_400272 is on 100% HFO. ",1,Active,
"Unavailability of electricity facilities, Production",IE | Edenderry Power Plant | Edenderry Power Plant,41,77,2025-05.26T11:55,2025-05.26T22:57,"11 hours,2 minutes",Biomass,,2025-05.26T23:14:46,,3,Active,
"Unavailability of electricity facilities, Production",IE | Edenderry Power Plant | Edenderry Power Plant,0,118,2025-05.26T23:00,2025-05.27T22:59,"23 hours,59 minutes",Biomass,,2025-05.26T23:14:46,,2,Dismissed,CANCELED to prevent overlaps.
"Unavailability of electricity facilities, Production",IE | Edenderry Power Plant | Edenderry Power Plant,0,118,2025-05.26T23:00,2025-05.27T22:59,"23 hours,59 minutes",Biomass,,2025-05.26T23:13:19,,2,Dismissed,CANCELED to prevent overlaps.
"Unavailability of electricity facilities, Production",IE | Whitegate Power Station | Whitegate Power Station,0,444,2025-05.26T08:36,2025-05.26T23:20,"14 hours,44 minutes",Fossil Gas,,2025-05.26T18:11:36,Leak in HRSG - under repair,5,Active,
"Unavailability of electricity facilities, Production",IE | Edenderry Power Plant | Edenderry Power Plant,118,0,2025-05.26T22:59,2025-05.26T22:59,,Biomass,,2025-05.26T11:53:17,,4,Dismissed,CANCELED to prevent overlaps.
"Unavailability of electricity facilities, Production",IE | Edenderry Power Plant | Edenderry Power Plant,0,118,2025-05.26T23:00,2025-05.27T22:59,"23 hours,59 minutes",Biomass,,2025-05.26T11:53:16,,2,Dismissed,CANCELED to prevent overlaps.
"Unavailability of electricity facilities, Production",IE | Edenderry Power Plant | Edenderry Power Plant,41,77,2025-05.26T11:55,2025-05.26T22:59,"11 hours,4 minutes",Biomass,,2025-05.26T11:53:16,,2,Dismissed,CANCELED to prevent overlaps.
"Unavailability of electricity facilities, Production",IE | Edenderry Power Plant | Edenderry Power Plant,41,77,2025-05.26T11:55,2025-05.26T22:59,"11 hours,4 minutes",Biomass,,2025-05.26T11:52:28,,2,Dismissed,CANCELED to prevent overlaps.
"Unavailability of electricity facilities, Production",IE | Edenderry Power Plant | Edenderry Power Plant,0,118,2025-05.22T18:00,2025-05.26T11:54,"3 days,17 hours,54 minutes",Biomass,,2025-05.26T11:52:10,,2,Active,
"Unavailability of electricity facilities, Production",IE | GU_504120 (GT7),0,326,2025-05.23T22:00,2025-05.24T22:00,1 day,Fossil Gas,,2025-05.24T18:41:28,ELECTRICAL ISSUES,3,Active,
"Unavailability of electricity facilities, Production",IE | GU_504120 (GT7),0,326,2025-05.21T06:00,2025-05.23T22:00,"2 days,16 hours",Fossil Gas,,2025-05.23T18:41:12,HV Interlocking testing,3,Active,
"Unavailability of electricity facilities, Production",IE | Slieve Kirk,0,74,2025-05.19T08:30,2025-05.24T18:00,"5 days,9 hours,30 minutes",Wind Onshore,,2025-05.23T18:29:38,Planned Outage,2,Active,
"Other market information, Market Information",IE | SQ1,,,2025-05.27T08:30,2025-05.27T10:30,2 hours,,,2025-05.23T17:53:44,SQ1 TEG unit has testing planed on May 27th from 08:30.,1,Active,
"Unavailability of electricity facilities, Production",IE | Edenderry Power Plant | Edenderry Power Plant,0,118,2025-05.20T08:00,2025-05.22T17:59,"2 days,9 hours,59 minutes",Biomass,,2025-05.22T17:45:38,,2,Active,
"Unavailability of electricity facilities, Production",IE | Corduff Flexgen (FG2) | GU_403680,0,64,2025-05.22T08:30,2025-05.22T14:39,"6 hours,9 minutes",Fossil Gas,,2025-05.22T15:04:48,STMO,3,Active,
"Unavailability of electricity facilities, Production",IE | Tarbert | Tarbert TEG 2,97,50,2025-05.23T08:00,2025-05.23T17:00,"8 hours,59 minutes",Fossil Oil,,2025-05.22T08:36:29,Testing,2,Dismissed,Unavailability of resources
"Unavailability of electricity facilities, Production",IE | Corduff Flexgen (FG2) | GU_403680,0,64,2025-05.21T08:30,2025-05.21T12:47,"4 hours,17 minutes",Fossil Gas,,2025-05.21T13:03:32,STMO,2,Active,
"Unavailability of electricity facilities, Production",IE | Yellow River,0,101,2025-05.19T18:05,2025-05.21T12:05,"1 day,17 hours,59 minutes",Wind Onshore,,2025-05.21T12:04:21,Commissioning,3,Active,
"Unavailability of electricity facilities, Production",IE | GU_504110 (GT6),0,326,2025-05.21T07:20,2025-05.21T08:15,55 minutes,Fossil Gas,,2025-05.21T08:16:49,,2,Active,
"Unavailability of electricity facilities, Production",IE | Coolkeeragh | GU_500041 (CGT8),0,53,2025-05.19T00:01,2025-05.23T23:59,"4 days,23 hours,58 minutes",Fossil Gas,,2025-05.20T20:07:39,Annual Outage,2,Dismissed,Annual outage re - scheduled. 
"Other market information, Market Information",IE | Aghada,,,2025-05.20T10:00,2025-05.22T20:00,"2 days,10 hours",,,2025-05.20T17:33:17,"Summary of Testing is outlined below:
•	AT4 20th May: 10:00-17:30
•	AT2 21ST May: 10:00-17:30
•	AT1 22ND May: 09:00-20:00
",2,Dismissed,Testing on May21st & May 22nd cancelled due to unavailability of contractors
"Unavailability of electricity facilities, Production",IE | Aghada | GU_400850 (AD2),0,449,2025-05.18T14:26,2025-05.20T15:10,"2 days,44 minutes",Fossil Gas,,2025-05.20T15:11:50,High presuure by pass valve failure,5,Active,
"Unavailability of electricity facilities, Production",IE | Aghada | GU_400183 (AT14),0,90,2025-05.19T10:00,2025-05.19T21:54,"11 hours,54 minutes",Fossil Gas,,2025-05.19T21:55:58,Re-gassing,2,Active,
"Unavailability of electricity facilities, Production",IE | Tarbert | Tarbert TEG 2,47,100,2025-05.22T08:00,2025-05.22T17:00,9 hours,Fossil Oil,,2025-05.19T16:08:10,Testing,1,Active,
"Unavailability of electricity facilities, Production",IE | Poolbeg Flexgen (PB7) | poolbeg flexgen ,0,64,2025-05.19T08:17,2025-05.19T11:51,"3 hours,34 minutes",Fossil Gas,,2025-05.19T11:52:13,end of warranty expiration,3,Active,
"Unavailability of electricity facilities, Production",IE | Edenderry Power Plant | Edenderry Power Plant,118,0,2025-05.17T22:59,2025-05.20T07:59,"2 days,9 hours",Biomass,,2025-05.19T09:44:40,,2,Active,
"Unavailability of electricity facilities, Production",IE | Ringsend Flexgen (IS3),0,64,2025-05.20T08:30,2025-05.24T19:00,"4 days,10 hours,30 minutes",Fossil Gas,,2025-05.18T18:41:56,"IS3 and IS2 share a grid connection and due to works on IS2, IS3 will be unavaialbe for the same time period,
some works will be carried out on IS3 on the 20th also",4,Active,
"Unavailability of electricity facilities, Production",IE | Southwall BESS (IS2),0,30,2025-05.19T06:00,2025-05.24T19:00,"5 days,13 hours",Other,,2025-05.18T18:01:35,Outage works on IS3 as both as both IS3 and IS2 share a grid connection therefore IS2 will be unavailable.,4,Active,
"Unavailability of electricity facilities, Production",IE | Poolbeg Flexgen (PB7) | Poolbeg Flexgen GU_403620,0,64,2025-05.19T08:30,2025-05.19T17:00,"8 hours,30 minutes",Fossil Gas,,2025-05.18T16:46:02,STMO,1,Active,
"Unavailability of electricity facilities, Production",IE | Poolbeg | Poolbeg Flexgen GU_403660,0,75,2025-05.19T08:30,2025-05.19T17:00,"8 hours,30 minutes",Fossil Gas,,2025-05.18T16:42:11,STMO,2,Dismissed,Wrong unit chosen 
"Unavailability of electricity facilities, Production",IE | Turlough Hill | GU_400361 (TH2),0,73,2025-05.17T07:51,2025-05.17T18:00,"10 hours,9 minutes",Hydro Pumped Storage,,2025-05.17T17:46:46,MIV fault investigations ongoing,3,Active,
"Unavailability of electricity facilities, Production",IE | Aghada | GU_400850 (AD2),0,449,2025-05.17T01:20,2025-05.17T14:07,"12 hours,47 minutes",Fossil Gas,,2025-05.17T14:13:24,Hot well issue,2,Active,
"Unavailability of electricity facilities, Production",IE | Aghada | GU_400850 (AD2),0,449,2025-05.16T09:35,2025-05.16T18:32,"8 hours,57 minutes",Fossil Gas,,2025-05.16T18:33:21,Hot well issue,3,Active,
"Other market information, Market Information",IE | Moneypoint,,,2025-05.14T10:00,2025-05.17T02:00,"2 days,16 hours",,,2025-05.16T16:31:06,"Update 16-5-25 - Due to the approved test available  Moneypoint Units will be available  for the ex anti markets Monday 18th May.
",4,Active,
"Unavailability of electricity facilities, Production",IE | GU_504110 (GT6),0,326,2025-05.14T06:00,2025-05.16T16:00,"2 days,10 hours",Fossil Gas,,2025-05.16T15:42:00,Fire System Testing,2,Active,
"Other market information, Market Information",IE | Moneypoint,,,2025-05.18T14:00,2025-05.18T23:00,9 hours,,,2025-05.16T14:05:09,MP3 Due to Start testing on Sunday 17th @ 14:00,1,Active,
"Unavailability of electricity facilities, Production",IE | Rhode | RHODE2,0,52,2025-05.16T09:30,2025-06.03T17:00,"18 days,7 hours,30 minutes",Fossil Gas,,2025-05.16T09:22:47,Planned Outage,4,Active,
"Unavailability of electricity facilities, Production",IE | Aughinish Alumina Limited | Sealrock 3 - GU_400120 (SK3),0,85,2025-05.12T18:00,2025-05.18T12:30,"5 days,18 hours,30 minutes",Fossil Gas,,2025-05.15T13:50:37,,1,Active,
"Unavailability of electricity facilities, Production",IE | Castlereagh BESS,0,50,2025-05.12T08:00,2025-05.14T17:00,"2 days,9 hours",Other,,2025-05.14T17:02:33,Maintenance completed,2,Active,
"Other market information, Market Information",IE | Yellow River,,,2025-05.14T15:30,2025-05.23T17:00,"9 days,1 hour,30 minutes",,Yellow River,2025-05.14T15:40:36,#Commissioning# Current capacity 101MW. Commissioning is scheduled to conclude Q2 2025.,2,Active,
"Unavailability of electricity facilities, Production",IE | Aghada | GU_400850 (AD2),0,449,2025-05.14T04:56,2025-05.14T15:17,"10 hours,21 minutes",Fossil Gas,,2025-05.14T15:38:53,HP bypass issues,5,Active,
"Unavailability of electricity facilities, Production",IE | Aghada | GU_400183 (AT14),0,90,2025-05.02T16:34,2025-05.16T20:00,"14 days,3 hours,26 minutes",Fossil Gas,,2025-05.14T08:49:40,plant issues under review,17,Active,
"Unavailability of electricity facilities, Production",IE | Aghada | GU_400850 (AD2),0,449,2025-05.14T02:22,2025-05.14T04:07,"1 hour,45 minutes",Fossil Gas,,2025-05.14T04:08:53,Unit tripped - investigating,2,Active,
"Unavailability of electricity facilities, Production",IE | Coolkeeragh | GU_500040 (C30),0,425,2025-05.12T11:59,2025-05.13T18:30,"1 day,6 hours,31 minutes",Fossil Gas,,2025-05.13T16:27:40,Brushgear maintenance,4,Active,
"Unavailability of electricity facilities, Production",IE | Turlough Hill | GU_400360 (TH1),0,73,2025-05.13T10:00,2025-05.13T16:16,"6 hours,16 minutes",Hydro Pumped Storage,,2025-05.13T16:16:54,investigate TH1 shaft seal and flap gate,3,Active,
"Unavailability of electricity facilities, Production",IE | Drumlins Park Wind Farm | Drumlins Park Wind Farm (GU_406610),0,48,2025-05.15T09:30,2025-05.15T17:00,"7 hours,30 minutes",Wind Onshore,,2025-05.13T12:30:16,End time is best estimate at this stage and is subject to change.,2,Active,
"Unavailability of electricity facilities, Production",IE | Aghada | GU_400850 (AD2),0,449,2025-05.12T19:00,2025-05.13T04:30,"9 hours,30 minutes",Fossil Gas,,2025-05.12T19:55:03,Boiler purge interlock,1,Active,
"Unavailability of electricity facilities, Production",IE | Aughinish Alumina Limited | Sealrock 3 - GU_400120 (SK3),0,85,2025-05.12T18:00,2025-05.15T12:30,"2 days,18 hours,30 minutes",Fossil Gas,,2025-05.12T18:07:04,,2,Active,
"Unavailability of electricity facilities, Production",IE | Aughinish Alumina Limited | Sealrock 4 - GU_400121 (SK4),0,85,2025-05.12T23:59,2025-05.15T18:00,"2 days,18 hours,1 minute",Fossil Gas,,2025-05.12T18:06:31,,2,Active,
"Unavailability of electricity facilities, Production",IE | Aghada | GU_400850 (AD2),0,449,2025-05.12T14:20,2025-05.12T19:00,"4 hours,40 minutes",Fossil Gas,,2025-05.12T17:46:19,spurious fire alarm issue,2,Active,
"Unavailability of electricity facilities, Production",IE | Yellow River,72,14,2025-05.10T14:15,2025-05.12T16:00,"2 days,1 hour,45 minutes",Wind Onshore,,2025-05.12T16:06:13,,2,Active,
"Unavailability of electricity facilities, Production",IE | Edenderry Power Plant | Edenderry Power Plant,118,0,2025-05.12T09:30,2025-05.15T22:59,"3 days,13 hours,29 minutes",Biomass,,2025-05.12T08:58:00,,1,Active,
"Unavailability of electricity facilities, Production",IE | Edenderry Power Plant | Edenderry Power Plant,118,0,2025-05.15T22:59,2025-05.17T22:59,"1 day,23 hours,59 minutes",Biomass,,2025-05.12T08:58:00,,3,Active,
"Unavailability of electricity facilities, Production",IE | Edenderry Power Plant | Edenderry Power Plant,70,48,2025-05.11T23:00,2025-05.12T09:29,"10 hours,29 minutes",Biomass,,2025-05.12T08:57:59,,2,Active,
"Unavailability of electricity facilities, Production",IE | Edenderry Power Plant | Edenderry Power Plant,70,48,2025-05.11T06:30,2025-05.11T22:59,"16 hours,29 minutes",Biomass,,2025-05.11T07:17:31,,2,Active,
"Unavailability of electricity facilities, Production",IE | Edenderry Power Plant | Edenderry Power Plant,118,0,2025-05.12T09:59,2025-05.12T09:59,,Biomass,,2025-05.11T07:17:30,,3,Dismissed,CANCELED to prevent overlaps.
"Unavailability of electricity facilities, Production",IE | Edenderry Power Plant | Edenderry Power Plant,118,0,2025-05.02T22:59,2025-05.11T06:29,"8 days,7 hours,30 minutes",Biomass,,2025-05.11T06:00:25,,3,Active,
"Unavailability of electricity facilities, Production",IE | Yellow River,54,32,2025-05.09T16:20,2025-05.12T17:00,"3 days,40 minutes",Wind Onshore,,2025-05.10T13:56:25,Commissioning,3,Dismissed,Revised info available
"Unavailability of electricity facilities, Production",IE | Moneypoint | GU_400272 (MP3),150,135,2025-05.09T17:30,2025-05.09T18:30,1 hour,Fossil Hard coal,,2025-05.09T17:38:46,reduced availability due to high temperature,1,Active,
"Unavailability of electricity facilities, Production",IE | Yellow River,25,61,2025-05.08T17:00,2025-05.09T16:20,"23 hours,19 minutes",Wind Onshore,,2025-05.09T16:23:40,Commissioning,2,Active,
"Unavailability of electricity facilities, Production",IE | Dublin Bay | GU_400500 (DB1),0,415,2025-04.23T09:25,2025-05.09T14:30,"16 days,5 hours,5 minutes",Fossil Gas,,2025-05.09T14:25:58,Transformer busbar hotspot failure.,4,Active,
"Other market information, Market Information",IE | GU_503730(B32),,,2025-05.14T12:30,2025-05.14T14:00,"1 hour,30 minutes",,EP Ballylumford Limited,2025-05.09T13:16:09,Ballylumford B32 is provisionally approved to reduce load below normal minimum generation for a period of 1 hour from 13:00 to carry out an inspection,1,Active,
"Other market information, Market Information",IE | IH1,,,2025-05.08T15:30,2025-05.08T17:00,"1 hour,30 minutes",,,2025-05.07T17:15:40,Kylemore BESS (IH1) unit expected to test between 15:30 - 17: 00.,2,Active,
"Unavailability of electricity facilities, Production",IE | Yellow River,18,68,2025-05.07T15:30,2025-05.08T17:00,"1 day,1 hour,30 minutes",Wind Onshore,,2025-05.07T16:24:51,Commissioning,1,Active,
"Unavailability of electricity facilities, Production",IE | Moneypoint | GU_400270 (MP1),99,186,2025-05.07T10:10,2025-05.07T22:00,"11 hours,50 minutes",Fossil Hard coal,,2025-05.07T16:20:15,Overhaul preparation.,2,Active,
"Unavailability of electricity facilities, Production",IE | Ballylumford | GU_500284(BGT2),29,29,2025-05.02T18:50,2025-05.07T15:08,"4 days,20 hours,18 minutes",Fossil Oil,,2025-05.07T15:10:33,,3,Active,
"Unavailability of electricity facilities, Production",IE | Aghada | GU_400850 (AD2),0,449,2025-04.26T22:00,2025-05.06T18:17,"9 days,20 hours,17 minutes",Other,,2025-05.06T18:46:36,"GT bore scope ST inspection.
Unit back available  earlier anticipated. Ramping from cold takes circa 5 hours.",2,Active,
"Unavailability of electricity facilities, Production",IE | Aghada 02B BESS (AD5),0,75,2025-04.24T07:30,2025-05.06T18:00,"12 days,10 hours,30 minutes",Other,,2025-05.06T16:51:10,Annual inspection.,5,Active,
"Unavailability of electricity facilities, Production",IE | Whitegate Power Station | Whitegate Power Station,0,444,2025-04.27T18:17,2025-05.09T23:00,"12 days,4 hours,43 minutes",Fossil Gas,,2025-05.06T15:17:14,Steam valve issue – under investigation,6,Active,
"Unavailability of electricity facilities, Production",IE | Aghada | GU_400182 (AT12),0,90,2025-05.05T22:54,2025-05.06T12:56,"14 hours,2 minutes",Fossil Gas,,2025-05.06T12:56:39,Control Oil Leak - Investigating,4,Active,
"Unavailability of electricity facilities, Production",IE | GU_504120 (GT7),0,326,2025-05.07T06:00,2025-05.09T20:00,"2 days,14 hours",Fossil Gas,,2025-05.06T09:10:36,Fire System Testing,2,Dismissed,Contractor availability
"Unavailability of electricity facilities, Production",IE | Moneypoint | GU_400272 (MP3),0,285,2025-05.05T00:35,2025-05.06T06:00,"1 day,5 hours,25 minutes",Fossil Hard coal,,2025-05.05T18:36:11,Burner issue,3,Active,
"Unavailability of electricity facilities, Production",IE | Turlough Hill | GU_400362 (TH3),0,73,2025-04.11T17:00,2025-05.04T12:00,"22 days,19 hours",Hydro Pumped Storage,,2025-05.04T11:53:17,Circuit breaker fault,6,Active,
"Unavailability of electricity facilities, Production",IE | Aghada | GU_400182 (AT12),0,90,2025-03.23T00:01,2025-05.04T19:30,"1 month,11 days,19 hours,29 minutes",Other,,2025-05.03T16:12:38,"
lower capacity ",13,Active,
"Unavailability of electricity facilities, Production",IE | Southwall BESS (IS2),0,30,2025-05.02T18:55,2025-05.03T09:28,"14 hours,33 minutes",Other,,2025-05.03T09:33:07,communication issue ,3,Active,
"Unavailability of electricity facilities, Production",IE | Ringsend Flexgen (IS3),0,64,2025-05.02T20:52,2025-05.03T09:28,"12 hours,36 minutes",Fossil Gas,,2025-05.03T09:32:30,Communication issues ,2,Active,
"Unavailability of electricity facilities, Production",IE | Tynagh Energy Limited | Tynagh Energy Limited,0,404,2025-04.28T20:00,2025-05.03T07:00,"4 days,11 hours",Fossil Gas,,2025-05.03T01:55:15,,3,Active,
"Unavailability of electricity facilities, Production",IE | Poolbeg Flexgen (PB7),0,64,2025-04.30T17:00,2025-05.02T16:37,"1 day,23 hours,37 minutes",Fossil Gas,,2025-05.02T16:44:44,GT Lube oil leak ,7,Active,
"Unavailability of electricity facilities, Production",IE | Aghada | GU_400182 (AT12),0,90,2025-05.01T16:13,2025-05.01T19:00,"2 hours,47 minutes",Other,,2025-05.01T18:59:46,Thermal couple failure. ,2,Active,
"Other market information, Market Information",IE | Great Island,,,2025-05.08T23:59,2025-05.09T23:59,1 day,,Gt Island CCGT,2025-05.01T10:21:44,"For the last shutdown that is within 24 hours prior to the start of the planned outage with a commencement time of 23:59hrs on 09/05/2025,  a maintenance shutdown is required. This shutdown should commence from a turbine output of 205MW, have a reduced ramp rate and the expected duration until off load is approximately 3 hours.",3,Active,
"Unavailability of electricity facilities, Production",IE | Aghada | GU_400181 (AT11),0,90,2025-04.29T18:51,2025-04.30T17:10,"22 hours,19 minutes",Other,,2025-04.30T17:11:04,IGV issue.,4,Active,
"Unavailability of electricity facilities, Production",IE | Yellow River,21,65,2025-05.02T17:00,2025-05.05T17:00,"2 days,23 hours,59 minutes",Wind Onshore,,2025-04.29T17:55:46,Commissioning,1,Active,
"Unavailability of electricity facilities, Production",IE | Yellow River,14,72,2025-05.01T09:00,2025-05.02T17:00,"1 day,7 hours,59 minutes",Wind Onshore,,2025-04.29T17:55:18,Commissioning,2,Active,
"Unavailability of electricity facilities, Production",IE | Yellow River,29,57,2025-04.25T17:00,2025-05.01T09:00,"5 days,15 hours,59 minutes",Wind Onshore,,2025-04.29T17:51:40,Commissioning,2,Active,
"Unavailability of electricity facilities, Production",IE | Edenderry Power Plant | Edenderry Power Plant,118,0,2025-04.29T15:30,2025-05.02T22:59,"3 days,7 hours,29 minutes",Biomass,,2025-04.29T15:29:56,,1,Active,
"Unavailability of electricity facilities, Production",IE | Edenderry Power Plant | Edenderry Power Plant,54,64,2025-04.28T16:45,2025-04.29T15:29,"22 hours,44 minutes",Biomass,,2025-04.29T15:29:56,,2,Active,
"Unavailability of electricity facilities, Production",IE | Edenderry Power Plant | Edenderry Power Plant,118,0,2025-04.29T22:59,2025-04.29T22:59,,Biomass,,2025-04.29T15:29:55,,4,Dismissed,CANCELED to prevent overlaps.
"Unavailability of electricity facilities, Production",IE | Edenderry Power Plant | Edenderry Power Plant,54,64,2025-04.29T23:00,2025-04.30T22:59,"23 hours,59 minutes",Biomass,,2025-04.29T15:29:54,,2,Dismissed,CANCELED to prevent overlaps.
"Unavailability of electricity facilities, Production",IE | Moneypoint | GU_400271 (MP2),0,285,2025-04.29T15:15,2025-04.29T19:15,4 hours,Fossil Hard coal,,2025-04.29T15:17:49,Boiler Issue on start ,1,Active,
"Unavailability of electricity facilities, Production",IE | Moneypoint | GU_400271 (MP2),0,285,2025-04.29T14:00,2025-04.29T14:56,56 minutes,Fossil Hard coal,,2025-04.29T14:56:30,Turbine Issue,2,Active,
"Unavailability of electricity facilities, Production",IE | Kilroot | GU_500824 (KGT1),0,29,2025-04.29T09:00,2025-04.29T10:15,"1 hour,15 minutes",Fossil Oil,,2025-04.29T10:13:43,,2,Active,
"Unavailability of electricity facilities, Production",IE | Kilroot | GU_500825(KGT2),0,29,2025-04.29T09:00,2025-04.29T10:15,"1 hour,15 minutes",Fossil Oil,,2025-04.29T10:13:16,,2,Active,
"Unavailability of electricity facilities, Production",IE | Edenderry Power Plant | Edenderry Power Plant,41,77,2025-04.28T10:58,2025-04.28T16:44,"5 hours,46 minutes",Biomass,,2025-04.28T16:41:54,,2,Active,
"Unavailability of electricity facilities, Production",IE | Ballylumford CCGT | GU_500130(B31),0,247,2025-09.16T00:00,2025-09.20T00:00,4 days,Fossil Gas,,2025-04.28T11:08:40,Steam Turbine inspection. GT21 minor inspection,4,Dismissed,Outage not required
"Unavailability of electricity facilities, Production",IE | Ballylumford CCGT | GU_503720(B31),161,86,2025-09.20T00:00,2025-09.30T00:00,10 days,Fossil Gas,,2025-04.28T11:08:26,Steam turbine Outage. GT21 available open cycle.,3,Dismissed,Outage not required
"Unavailability of electricity facilities, Production",IE | Ballylumford CCGT | GU_503730(B32),161,86,2025-09.16T00:00,2025-09.23T00:00,7 days,Fossil Gas,,2025-04.28T11:08:13,Steam Turbine outage. GT22 available open cycle.,3,Dismissed,Outage not required
"Unavailability of electricity facilities, Production",IE | Ballylumford CCGT | GU_503730(B32),161,86,2025-09.27T00:00,2025-09.30T00:00,3 days,Fossil Gas,,2025-04.28T11:07:53,Steam Turbine Inspection. GT22 Available open cycle,3,Dismissed,Outage not required
"Unavailability of electricity facilities, Production",IE | Ballylumford CCGT | GU_503740(B10),0,101,2025-10.24T00:00,2025-10.28T00:00,4 days,Fossil Gas,,2025-04.28T11:07:24,GT Minor Inspection,2,Dismissed,Outage not required
"Unavailability of electricity facilities, Production",IE | Ballylumford | GU_500283(BGT1),0,58,2025-10.07T00:00,2025-10.13T00:00,6 days,Fossil Oil,,2025-04.28T11:07:05,Borescope inspection,4,Dismissed,Outage not required
"Unavailability of electricity facilities, Production",IE | Kilroot | GU_500824 (KGT1),0,29,2025-06.30T00:00,2025-07.01T00:00,1 day,Fossil Oil,,2025-04.28T11:06:28,Stack blank removal ,2,Dismissed,Outage not required
"Unavailability of electricity facilities, Production",IE | Kilroot | GU_500824 (KGT1),0,29,2025-07.14T00:00,2025-09.12T00:00,"1 month,29 days",Fossil Oil,,2025-04.28T11:05:58,Transformer reconfiguration ,2,Dismissed,Outage not required
"Unavailability of electricity facilities, Production",IE | Kilroot | GU_500825(KGT2),0,29,2025-06.01T00:00,2025-06.02T00:00,1 day,Fossil Oil,,2025-04.28T11:05:26,Stack Inspection,2,Dismissed,Outage not required
"Unavailability of electricity facilities, Production",IE | Kilroot | GU_500825(KGT2),0,29,2025-06.02T00:00,2025-06.08T00:00,6 days,Fossil Oil,,2025-04.28T11:04:30,Stack Inspection,2,Dismissed,Outage not required
"Unavailability of electricity facilities, Production",IE | Kilroot | GU_500825(KGT2),0,29,2025-09.22T00:00,2025-11.21T00:00,"1 month,30 days",Fossil Oil,,2025-04.28T11:03:46,Transformer Reconfiguration ,2,Dismissed,Outage not required
"Unavailability of electricity facilities, Production",IE | Kilroot | GU_500825(KGT2),0,29,2025-06.30T00:00,2025-07.01T00:00,1 day,Fossil Oil,,2025-04.28T11:02:48,Stack blank removal,2,Dismissed,Outage not required
"Unavailability of electricity facilities, Production",IE | Kilroot | GU_500824 (KGT1),0,29,2025-06.01T00:00,2025-06.02T00:00,1 day,Fossil Oil,,2025-04.28T11:01:48,Stack Inspection,2,Dismissed,Outage not required
"Unavailability of electricity facilities, Production",IE | Edenderry Power Plant | Edenderry Power Plant,41,77,2025-04.26T23:00,2025-04.28T10:57,"1 day,11 hours,57 minutes",Biomass,,2025-04.28T10:55:37,,2,Active,
"Unavailability of electricity facilities, Production",IE | Moneypoint | GU_400270 (MP1),99,186,2025-04.28T22:00,2025-05.02T10:00,"3 days,12 hours",Fossil Hard coal,,2025-04.27T19:56:50,Unit only available to min gen until overhaul.,3,Dismissed,Fuel issue resolved 
"Unavailability of electricity facilities, Production",IE | Moneypoint | GU_400271 (MP2),250,35,2025-04.27T04:18,2025-04.27T07:18,3 hours,Fossil Hard coal,,2025-04.27T05:11:59," 
Delayed shutdown due to breaker issues ",1,Active,
"Unavailability of electricity facilities, Production",IE | Huntstown | Huntstown 2 (HN2),0,400,2025-01.28T23:00,2025-04.27T01:38,"2 months,29 days,2 hours,38 minutes",Fossil Gas,,2025-04.27T01:37:32,"Outage & testing complete, plant back to normal availability",12,Active,
"Unavailability of electricity facilities, Production",IE | Edenderry Power Plant | Edenderry Power Plant,118,0,2025-04.26T22:59,2025-04.26T22:59,,Biomass,,2025-04.26T21:09:22,,4,Active,
"Unavailability of electricity facilities, Production",IE | Yellow River,28,58,2025-04.22T09:00,2025-04.28T09:00,6 days,Wind Onshore,,2025-04.26T08:05:53,Commissioning,4,Active,
"Unavailability of electricity facilities, Production",IE | Moneypoint | GU_400272 (MP3),0,285,2025-04.26T06:34,2025-04.26T07:45,"1 hour,11 minutes",Fossil Hard coal,,2025-04.26T06:43:17,MP3 has failed to sync on start up. ,2,Active,
"Unavailability of electricity facilities, Production",IE | Castlereagh BESS,0,50,2025-04.29T09:30,2025-04.29T13:15,"3 hours,45 minutes",Other,,2025-04.25T22:47:11,End time is the best estimate at this stage. Battery will be discharged to 0% and allowed to rest for two hours to allow for calibration.,1,Active,
"Other market information, Market Information",IE | GU_400270,,,2025-04.23T18:00,2025-04.25T18:25,"2 days,25 minutes",,,2025-04.25T18:34:37,"MP1 testing planned from 23rd April 2025.

25.04.25 - Coming off test profile to accommodate grid request",3,Active,
"Unavailability of electricity facilities, Production",IE | Moneypoint | GU_400270 (MP1),0,285,2025-04.25T15:23,2025-04.25T16:51,"1 hour,28 minutes",Fossil Hard coal,,2025-04.25T16:52:18,Boiler Issue,2,Active,
"Unavailability of electricity facilities, Production",IE | Aghada | GU_400181 (AT11),0,90,2025-04.24T18:48,2025-04.25T16:15,"21 hours,27 minutes",Other,,2025-04.25T16:03:30,Generator Proctection Failure,2,Active,
"Unavailability of electricity facilities, Production",IE | Aghada 02A BESS (AD4),0,75,2025-04.14T07:00,2025-04.24T20:21,"10 days,13 hours,21 minutes",Other,,2025-04.24T20:34:27,Maintenance ,3,Active,
"Unavailability of electricity facilities, Production",IE | GU_504110 (GT6),0,326,2025-04.24T06:00,2025-04.25T16:00,"1 day,10 hours",Fossil Gas,,2025-04.24T15:06:57,General maintenance,2,Active,
"Unavailability of electricity facilities, Production",IE | Ballylumford | GU_500283(BGT1),29,29,2025-04.24T08:00,2025-04.24T11:30,"3 hours,30 minutes",Fossil Oil,,2025-04.24T11:30:56,,2,Active,
"Unavailability of electricity facilities, Production",IE | Moneypoint | GU_400271 (MP2),0,285,2025-04.23T16:52,2025-04.23T21:00,"4 hours,8 minutes",Fossil Hard coal,,2025-04.23T16:56:32,Ramping issue.,1,Active,
"Unavailability of electricity facilities, Production",IE | Edenderry Power Plant | Edenderry Power Plant,118,0,2025-04.23T11:00,2025-04.26T22:59,"3 days,11 hours,59 minutes",Biomass,,2025-04.23T10:40:11,,1,Active,
"Unavailability of electricity facilities, Production",IE | Edenderry Power Plant | Edenderry Power Plant,41,77,2025-04.22T14:00,2025-04.23T10:59,"20 hours,59 minutes",Biomass,,2025-04.23T10:40:10,,2,Active,
"Other market information, Market Information",IE | GU_40027 (MP2),,,2025-04.23T19:00,2025-04.25T12:00,"1 day,17 hours",,,2025-04.22T18:44:04,MP2 testing planned from 23rd April 2025.,1,Active,
"Other market information, Market Information",IE | GU_400272 (MP),,,2025-04.23T12:00,2025-04.24T23:59,"1 day,11 hours,59 minutes",,,2025-04.22T18:08:27,MP3 testing from 23 April 2025.,1,Active,
"Other market information, Market Information",IE | Corduff Flexgen,,,2025-04.23T09:00,2025-04.24T20:00,"1 day,11 hours",,,2025-04.22T15:45:54,Testing at FG2 : unit intending to test on 23/04/2025 and 24/04/2025.,1,Active,
"Unavailability of electricity facilities, Production",IE | Edenderry Power Plant | Edenderry Power Plant,0,118,2025-04.17T17:00,2025-04.22T13:59,"4 days,20 hours,59 minutes",Biomass,,2025-04.22T12:40:16,,2,Active,
"Unavailability of electricity facilities, Production",IE | Moneypoint | GU_400271 (MP2),0,285,2025-04.16T23:30,2025-04.20T11:00,"3 days,11 hours,30 minutes",Fossil Hard coal,,2025-04.20T10:27:21,Plant Issues,3,Active,
"Unavailability of electricity facilities, Production",IE | Aghada | GU_400850 (AD2),0,449,2025-04.15T13:29,2025-04.18T11:41,"2 days,22 hours,12 minutes",Other,,2025-04.18T11:41:36,Gas Turbine Vibrations - Investigating ,5,Active,
"Unavailability of electricity facilities, Production",IE | Kilroot | GU_500820 (KGT3),41,0,2025-04.18T10:55,2025-04.18T11:35,40 minutes,Fossil Oil,,2025-04.18T11:38:06,Supply Changeovers complete,2,Active,
"Unavailability of electricity facilities, Production",IE | Yellow River,22,64,2025-04.19T09:00,2025-04.22T09:00,3 days,Wind Onshore,,2025-04.18T11:37:44,Commissioning,1,Active,
"Unavailability of electricity facilities, Production",IE | Yellow River,33,53,2025-04.10T17:41,2025-04.19T09:00,"8 days,15 hours,19 minutes",Wind Onshore,,2025-04.18T11:37:32,Commissioning,7,Active,
"Unavailability of electricity facilities, Production",IE | Kilroot | GU_500821 (KGT4),41,0,2025-04.18T10:55,2025-04.18T11:35,40 minutes,Fossil Oil,,2025-04.18T11:37:03,Supply Changeovers complete,2,Active,
"Unavailability of electricity facilities, Production",IE | Kilroot | GU_500820 (KGT3),41,0,2025-04.17T14:15,2025-04.17T15:30,"1 hour,15 minutes",Fossil Oil,,2025-04.17T15:31:12,IGV issues resolved,2,Active,
"Other market information, Market Information",IE | Moneypoint,,,2025-04.17T18:00,2025-04.19T18:00,2 days,,,2025-04.16T23:38:42,Moneypoint Unit 2 will be testing on HFO with output ranging from 99MW to 250MW,2,Active,
"Unavailability of electricity facilities, Production",IE | Corduff Flexgen (FG2),0,64,2025-04.15T12:00,2025-04.15T15:53,"3 hours,53 minutes",Fossil Gas,,2025-04.16T15:54:05,SCR Purge Air damper positioning issue. ,2,Active,
"Unavailability of electricity facilities, Production",IE | Tarbert | Tarbert TEG 2,49,98,2025-04.23T08:00,2025-04.24T17:00,"1 day,9 hours",Fossil Oil,,2025-04.16T15:30:12,Grid,1,Active,
"Unavailability of electricity facilities, Production",IE | Ballylumford | GU_500284(BGT2),0,58,2025-05.01T00:00,2025-05.30T00:00,29 days,Fossil Oil,,2025-04.16T09:52:27,Major Overhaul,5,Dismissed,Outage rescheduled.
"Unavailability of electricity facilities, Production",IE | Kilroot | GU_500824 (KGT1),0,29,2025-05.02T00:00,2025-05.08T00:00,6 days,Fossil Oil,,2025-04.16T09:48:35,Stack Inspection,2,Dismissed,Outage to be rescheduled.
"Unavailability of electricity facilities, Production",IE | Aghada | GU_400181 (AT11),0,90,2025-03.01T14:00,2025-04.20T23:59,"1 month,19 days,9 hours,59 minutes",Other,,2025-04.15T16:41:18,GT Repairs,7,Active,
"Unavailability of electricity facilities, Production",IE | Edenderry Power Plant | Edenderry Power Plant,0,118,2025-04.19T16:28,2025-04.23T07:59,"3 days,15 hours,30 minutes",Biomass,,2025-04.15T16:23:39,,3,Dismissed,CANCELED to prevent overlaps.
"Unavailability of electricity facilities, Production",IE | Edenderry Power Plant | Edenderry Power Plant,118,0,2025-04.17T16:59,2025-04.17T16:59,,Biomass,,2025-04.15T16:23:38,,3,Active,
"Unavailability of electricity facilities, Production",IE | Edenderry Power Plant | Edenderry Power Plant,118,0,2025-04.15T23:00,2025-04.17T16:59,"1 day,17 hours,59 minutes",Biomass,,2025-04.15T16:20:37,,1,Active,
"Unavailability of electricity facilities, Production",IE | Edenderry Power Plant | Edenderry Power Plant,118,0,2025-04.16T22:59,2025-04.17T16:59,18 hours,Biomass,,2025-04.15T16:15:50,,5,Dismissed,CANCELED to prevent overlaps.
"Unavailability of electricity facilities, Production",IE | Edenderry Power Plant | Edenderry Power Plant,118,0,2025-04.15T23:14,2025-04.16T22:59,"23 hours,44 minutes",Biomass,,2025-04.15T16:15:50,,2,Dismissed,CANCELED to prevent overlaps.
"Unavailability of electricity facilities, Production",IE | Edenderry Power Plant | Edenderry Power Plant,105,13,2025-04.15T23:00,2025-04.15T23:14,14 minutes,Biomass,,2025-04.15T16:15:50,,2,Dismissed,CANCELED to prevent overlaps.
"Unavailability of electricity facilities, Production",IE | Ringsend Flexgen (IS3),0,64,2025-04.14T08:00,2025-04.15T15:58,"1 day,7 hours,58 minutes",Fossil Gas,,2025-04.15T16:14:13,Requirement to take plant off-line to address and close out construction punch list items associated with various systems within the plant,3,Active,
"Unavailability of electricity facilities, Production",IE | Edenderry Power Plant | Edenderry Power Plant,118,0,2025-04.09T16:30,2025-04.15T22:59,"6 days,6 hours,29 minutes",Biomass,,2025-04.15T16:09:25,,2,Active,
"Unavailability of electricity facilities, Production",IE | Aghada | GU_400850 (AD2),0,449,2025-04.27T00:01,2025-05.04T23:59,"7 days,23 hours,58 minutes",Fossil Gas,,2025-04.15T11:44:56,GT borescope and ST inspection,2,Dismissed,Updating with new information. 
"Unavailability of electricity facilities, Production",IE | Moneypoint | GU_400271 (MP2),0,285,2025-04.01T14:45,2025-04.14T17:30,"13 days,2 hours,45 minutes",Fossil Hard coal,,2025-04.14T17:33:29,Abatement plant issues.,4,Active,
"Unavailability of electricity facilities, Production",IE | Tawnaghmore | TAWN3,0,52,2025-05.06T09:00,2025-05.14T19:00,"8 days,10 hours",Fossil Gas,,2025-04.14T17:20:29,Maintenance,1,Active,
"Unavailability of electricity facilities, Production",IE | Dublin Waste to Energy,24,38,2025-04.14T13:00,2025-04.17T11:01,"2 days,22 hours,1 minute",Waste,,2025-04.14T13:39:24,Planned Outage,1,Active,
"Unavailability of electricity facilities, Production",IE | Dublin Waste to Energy,0,62,2025-02.22T23:30,2025-04.11T06:01,"1 month,19 days,6 hours,31 minutes",Waste,,2025-04.14T13:26:43,Planned Outage,24,Dismissed,Published by mistake
"Unavailability of electricity facilities, Production",IE | Moneypoint | GU_400270 (MP1),0,285,2025-04.14T10:44,2025-04.14T12:00,"1 hour,16 minutes",Fossil Hard coal,,2025-04.14T10:50:52,HP Stresses on Start,1,Active,
"Unavailability of electricity facilities, Production",IE | Dublin Bay | GU_400500 (DB1),0,415,2025-04.13T04:54,2025-04.13T22:20,"17 hours,26 minutes",Fossil Gas,,2025-04.13T22:22:09,Drum Level Issue,4,Active,
"Other market information, Market Information",IE | m,,,2025-04.17T06:00,2025-04.19T18:00,"2 days,12 hours",,,2025-04.13T09:59:25,Moneypoint Unit 2 will be testing on HFO with output ranging from 99MW to 250MW,3,Dismissed,duplicated
"Other market information, Market Information",IE | Moneypoint,,,2025-04.16T22:00,2025-04.18T06:00,"1 day,8 hours",,,2025-04.13T09:54:18,Moneypoint Unit 3 will be testing on HFO with output ranging from 99MW to 250MW,1,Active,
"Other market information, Market Information",IE | Moneypoint,,,2025-04.15T12:00,2025-04.19T19:00,"4 days,7 hours",,,2025-04.13T09:51:49,Moneypoint Unit 1 will be testing on HFO with output ranging from 99MW to 250MW,1,Active,
"Unavailability of electricity facilities, Production",IE | Ballylumford | GU_500284(BGT2),58,0,2025-04.12T13:00,2025-04.12T13:52,52 minutes,Fossil Oil,,2025-04.12T14:05:46,software issue resolved.,4,Active,
"Unavailability of electricity facilities, Production",IE | Ballylumford | GU_500283(BGT1),58,0,2025-04.12T13:00,2025-04.12T13:52,52 minutes,Fossil Oil,,2025-04.12T14:04:15,software issue resolved,3,Active,
"Unavailability of electricity facilities, Production",IE | Ballylumford CCGT | GU_503740(B10),101,0,2025-04.11T13:08,2025-04.11T17:32,"4 hours,24 minutes",Fossil Gas,,2025-04.11T17:53:34,Storm Darragh wind damage,14,Active,
"Unavailability of electricity facilities, Production",IE | Tawnaghmore | TAWN1,0,52,2025-04.08T12:30,2025-04.11T19:00,"3 days,6 hours,29 minutes",Fossil Gas,,2025-04.11T16:51:51,Grid,2,Active,
"Unavailability of electricity facilities, Production",IE | Poolbeg Flexgen (PB7),0,64,2025-04.07T08:00,2025-04.11T13:00,"4 days,5 hours",Fossil Gas,,2025-04.11T14:05:23,Requirement to take plant off-line to address and close out construction punch list items associated with various systems within the plant,3,Active,
"Unavailability of electricity facilities, Production",IE | Yellow River,0,86,2025-04.05T15:00,2025-04.12T18:00,"7 days,2 hours,59 minutes",Wind Onshore,,2025-04.10T18:11:59,Commissioning,6,Dismissed,Overlapping messages
"Unavailability of electricity facilities, Production",IE | Yellow River,0,86,2025-04.09T17:11,2025-04.10T17:39,"1 day,27 minutes",Wind Onshore,,2025-04.10T17:38:48,Commissioning,4,Active,
"Unavailability of electricity facilities, Production",IE | Turlough Hill | GU_400363 (TH4),0,73,2025-04.02T08:00,2025-04.10T13:04,"8 days,5 hours,4 minutes",Hydro Pumped Storage,,2025-04.10T13:06:50,Unit inspection,4,Active,
"Unavailability of electricity facilities, Production",IE | Edenderry Power Plant | Edenderry Power Plant,98,20,2025-04.09T22:59,2025-04.10T22:59,"23 hours,59 minutes",Biomass,,2025-04.09T16:29:53,,2,Dismissed,CANCELED to prevent overlaps.
"Unavailability of electricity facilities, Production",IE | Edenderry Power Plant | Edenderry Power Plant,55,63,2025-04.09T13:00,2025-04.09T16:29,"3 hours,29 minutes",Biomass,,2025-04.09T16:29:53,,2,Active,
"Unavailability of electricity facilities, Production",IE | Aughinish Alumina Limited | Sealrock 4 - GU_400121 (SK4),0,85,2025-04.01T18:00,2025-04.09T12:00,"7 days,18 hours",Fossil Gas,,2025-04.09T14:54:58,oil leak on generator transformer,2,Active,
"Unavailability of electricity facilities, Production",IE | Edenderry Power Plant | Edenderry Power Plant,98,20,2025-04.09T08:00,2025-04.09T12:59,"4 hours,59 minutes",Biomass,,2025-04.09T12:11:36,,2,Active,
"Unavailability of electricity facilities, Production",IE | Edenderry Power Plant | Edenderry Power Plant,118,0,2025-04.09T10:59,2025-04.09T22:59,"11 hours,59 minutes",Biomass,,2025-04.09T07:42:08,,2,Dismissed,CANCELED to prevent overlaps.
"Unavailability of electricity facilities, Production",IE | Edenderry Power Plant | Edenderry Power Plant,98,20,2025-04.09T00:20,2025-04.09T07:59,"7 hours,39 minutes",Biomass,,2025-04.09T07:42:07,,2,Active,
"Unavailability of electricity facilities, Production",IE | Tynagh Energy Limited,0,404,2025-04.08T22:00,2025-04.09T05:20,"7 hours,20 minutes",Fossil Gas,,2025-04.09T07:06:13,"Issue with Hogging pump, repair scheduled for times below.",2,Active,
"Unavailability of electricity facilities, Production",IE | Edenderry Power Plant | Edenderry Power Plant,118,0,2025-04.07T16:30,2025-04.09T00:19,"1 day,7 hours,49 minutes",Biomass,,2025-04.09T00:32:26,,2,Active,
"Other market information, Market Information",IE | Tynagh Energy Limited,,,2025-04.08T07:00,2025-04.08T22:00,15 hours,,,2025-04.08T16:21:42,"Issue with Hogging pump, plant at higher risk of a trip due to vacuum loss in air cooled condenser",4,Active,
"Unavailability of electricity facilities, Transmission",Greenlink Interconnector | IE ? GB GB ? IE,"0,0","504,504",2025-04.08T14:50,2025-04.10T23:00,"2 days,8 hours,10 minutes",,Greenlink Interconnector Limited,2025-04.08T14:55:00,,2,Active,
"Unavailability of electricity facilities, Production",IE | Coolkeeragh | GU_500040 (C30),0,425,2025-06.24T00:01,2025-06.24T23:59,"23 hours,58 minutes",Fossil Gas,,2025-04.07T21:24:54,Offline Water Wash 2,2,Dismissed,Not required.
"Unavailability of electricity facilities, Production",IE | Edenderry Power Plant | Edenderry Power Plant,90,28,2025-04.06T18:40,2025-04.07T16:29,"21 hours,49 minutes",Biomass,,2025-04.07T16:35:47,,2,Active,
"Unavailability of electricity facilities, Production",IE | Edenderry Power Plant | Edenderry Power Plant,118,0,2025-04.07T22:59,2025-04.07T22:59,,Biomass,,2025-04.07T16:35:47,,3,Dismissed,CANCELED to prevent overlaps.
"Unavailability of electricity facilities, Production",IE | Edenderry Power Plant | Edenderry Power Plant,90,28,2025-04.07T23:00,2025-04.08T22:59,"23 hours,59 minutes",Biomass,,2025-04.07T16:35:43,,2,Dismissed,CANCELED to prevent overlaps.
"Other market information, Market Information","GB,IE | Greenlink Interconnector",,,2025-04.08T08:00,2025-04.08T14:43,"6 hours,43 minutes",,Greenlink Interconnector Limited,2025-04.07T15:43:17,"Power flow: Flow in the GB to IE direction, start ramping at 08:00 to deliver 410MW by 09:21, holding this value until 10:00 and then ramping to 403MW in the IE to GB direction by 12:43. Holding this value until 13:22 and then ramping to 0MW by 14:43. Values subject to change depending on system conditions. Updates will be provided as required.",3,Active,
"Unavailability of electricity facilities, Production",IE | Edenderry Power Plant | Edenderry Power Plant,118,0,2025-04.05T22:59,2025-04.06T18:39,"19 hours,40 minutes",Biomass,,2025-04.06T19:12:05,,4,Active,
"Unavailability of electricity facilities, Production",IE | Ballylumford CCGT | GU_503730(B32),0,247,2025-04.05T18:06,2025-04.05T21:05,"2 hours,59 minutes",Fossil Gas,,2025-04.05T21:11:22,,2,Active,
"Unavailability of electricity facilities, Production",IE | Aghada | GU_400850 (AD2),0,449,2025-04.01T00:49,2025-04.05T21:40,"4 days,20 hours,51 minutes",Fossil Gas,,2025-04.05T16:42:34,Vibration issue,4,Active,
"Unavailability of electricity facilities, Production",IE | Moneypoint | GU_400270 (MP1),0,285,2025-03.27T22:00,2025-04.06T10:00,"9 days,12 hours",Fossil Hard coal,,2025-04.05T16:26:40,Pipe Leak,2,Active,
"Unavailability of electricity facilities, Production",IE | Corduff Flexgen (FG2),0,64,2025-03.31T08:00,2025-04.05T20:00,"5 days,12 hours",Fossil Gas,,2025-04.05T12:33:23,Requirement to take plant off-line to address and close out construction punch list items associated with various systems within the plant.,3,Active,
"Unavailability of electricity facilities, Production",IE | Ballylumford CCGT | GU_503730(B32),0,247,2025-04.01T04:00,2025-04.05T13:00,"4 days,9 hours",Fossil Gas,,2025-04.05T11:54:31,"Remove guillotine plate from the HRSG
",4,Active,
"Unavailability of electricity facilities, Production",IE | Ballylumford | GU_500284(BGT2),0,58,2025-04.04T11:31,2025-04.04T15:35,"4 hours,4 minutes",Fossil Oil,,2025-04.04T15:26:17,,3,Active,
"Unavailability of electricity facilities, Production",IE | Turlough Hill | GU_400360 (TH1),0,73,2025-04.04T09:26,2025-04.04T13:21,"3 hours,55 minutes",Hydro Pumped Storage,,2025-04.04T13:26:31,works ongoing on NIV,5,Active,
"Unavailability of electricity facilities, Production",IE | Ballylumford CCGT | GU_503730(B32),161,86,2025-04.04T20:00,2025-04.05T20:00,1 day,Fossil Gas,,2025-04.03T17:07:27,HRSG flushing in preparation to declare the unit available in combined cycle mode,2,Dismissed,Change
"Unavailability of electricity facilities, Production",IE | Tarbert | Tarbert TEG 2,47,100,2025-04.02T22:10,2025-04.07T17:00,"4 days,18 hours,50 minutes",Fossil Oil,,2025-04.02T23:39:00,Testing,1,Active,
"Other market information, Market Information",IE | Turlough Hill,,,2025-04.02T11:55,2025-04.02T17:00,"5 hours,5 minutes",,,2025-04.02T11:56:53,Turlough Hill  not available for pump until 17:00 02/04,1,Active,
"Unavailability of electricity facilities, Production",IE | Turlough Hill | GU_400360 (TH1),0,73,2025-04.01T17:15,2025-04.01T19:11,"1 hour,56 minutes",Hydro Pumped Storage,,2025-04.01T19:34:53,Circuit breaker issue,2,Active,
"Unavailability of electricity facilities, Production",IE | Turlough Hill | GU_400361 (TH2),0,73,2025-03.23T08:00,2025-04.02T12:00,"10 days,4 hours",Hydro Pumped Storage,,2025-04.01T17:17:27,Unit inspection,2,Active,
"Unavailability of electricity facilities, Production",IE | Turlough Hill | GU_400360 (TH1),0,73,2025-03.23T08:00,2025-04.01T17:15,"9 days,9 hours,15 minutes",Hydro Pumped Storage,,2025-04.01T17:15:53,Unit inspection,2,Active,
"Other market information, Market Information",IE | Turlough Hill,,,2025-04.01T09:00,2025-04.01T17:00,8 hours,,,2025-04.01T08:41:55,Turlough hill unavailable to PUMP,1,Active,
"Unavailability of electricity facilities, Production",IE | Dublin Bay | GU_400500 (DB1),0,415,2025-04.01T01:30,2025-04.02T12:00,"1 day,10 hours,30 minutes",Fossil Gas,,2025-04.01T08:24:55,Start up  issue ,2,Active,
"Unavailability of electricity facilities, Production",IE | Dublin Bay | GU_400500 (DB1),0,415,2025-03.29T21:18,2025-03.31T23:59,"2 days,2 hours,41 minutes",Fossil Gas,,2025-03.31T19:11:41,Gas purge valve fault ,3,Active,
"Other market information, Market Information",IE | GU_400272 (MP3),,,2025-04.01T06:00,2025-04.01T17:30,"11 hours,30 minutes",,,2025-03.31T18:09:46,MP3 testing on 1/04/25 . Unit to run up to 250MW during testing.,2,Active,
"Unavailability of electricity facilities, Production",IE | Ballylumford | GU_500283(BGT1),0,58,2025-03.31T07:00,2025-03.31T16:53,"9 hours,53 minutes",Fossil Oil,,2025-03.31T16:57:09,,4,Active,
"Other market information, Market Information",IE | GU_400272 (MP3),,,2025-03.31T06:00,2025-03.31T23:59,"17 hours,59 minutes",,,2025-03.31T16:32:50,MP3 testing on 31/03/25 . Unit to run up to 250MW during testing.,2,Active,
"Unavailability of electricity facilities, Production",IE | Aughinish Alumina Limited | Sealrock 4 - GU_400121 (SK4),0,85,2025-03.31T00:45,2025-04.01T18:00,"1 day,17 hours,15 minutes",Fossil Gas,,2025-03.31T12:20:23,,1,Active,
"Unavailability of electricity facilities, Production",IE | Moneypoint | GU_400272 (MP3),0,285,2025-03.31T07:20,2025-03.31T15:00,"7 hours,40 minutes",Fossil Hard coal,,2025-03.31T10:36:40,Boiler trip. Being investigated. ,2,Active,
"Unavailability of electricity facilities, Production",IE | Turlough Hill | GU_400362 (TH3),0,73,2025-03.28T17:15,2025-04.02T08:30,"4 days,15 hours,15 minutes",Hydro Pumped Storage,,2025-03.28T17:24:59,Circuit breaker issue,1,Active,
"Unavailability of electricity facilities, Production",IE | Edenderry Power Plant | Edenderry Power Plant,118,0,2025-03.28T15:00,2025-04.05T22:59,"8 days,7 hours,59 minutes",Biomass,,2025-03.28T14:40:30,,1,Active,
"Unavailability of electricity facilities, Production",IE | Edenderry Power Plant | Edenderry Power Plant,41,77,2025-03.28T07:00,2025-03.28T14:59,"7 hours,59 minutes",Biomass,,2025-03.28T14:40:29,,2,Active,
"Unavailability of electricity facilities, Production",IE | Kilroot | GU_500821 (KGT4),0,41,2025-03.27T12:00,2025-03.28T13:15,"1 day,1 hour,15 minutes",Fossil Oil,,2025-03.28T12:58:42,,4,Active,
"Unavailability of electricity facilities, Production",IE | Aghada | GU_400183 (AT14),0,90,2025-03.28T00:01,2025-04.09T23:59,"12 days,23 hours,58 minutes",Other,,2025-03.28T06:43:18,Inspection and NDT,5,Dismissed,Outage rescheduled
"Unavailability of electricity facilities, Production",IE | Edenderry Power Plant | Edenderry Power Plant,118,0,2025-03.27T16:30,2025-03.28T06:59,"14 hours,29 minutes",Biomass,,2025-03.27T16:20:27,,1,Active,
"Unavailability of electricity facilities, Production",IE | Edenderry Power Plant | Edenderry Power Plant,41,77,2025-03.27T07:00,2025-03.27T16:29,"9 hours,29 minutes",Biomass,,2025-03.27T16:20:26,,2,Active,
"Unavailability of electricity facilities, Production",IE | Edenderry Power Plant | Edenderry Power Plant,118,0,2025-03.28T06:59,2025-03.28T06:59,,Biomass,,2025-03.27T16:20:26,,3,Active,
"Unavailability of electricity facilities, Production",IE | Turlough Hill | GU_400362 (TH3),0,73,2025-03.27T13:14,2025-03.27T13:29,15 minutes,Hydro Pumped Storage,,2025-03.27T13:31:11,Comms Failure ,2,Active,
"Unavailability of electricity facilities, Production",IE | Turlough Hill | GU_400363 (TH4),0,73,2025-03.27T13:14,2025-03.27T13:29,15 minutes,Hydro Pumped Storage,,2025-03.27T13:30:36,Comms Failure,2,Active,
"Unavailability of electricity facilities, Production",IE | Moneypoint | GU_400271 (MP2),0,285,2025-03.26T13:06,2025-03.27T12:25,"23 hours,19 minutes",Fossil Hard coal,,2025-03.27T12:32:43,Circuit breaker issue,2,Active,
"Other market information, Market Information",IE | Turlough Hill,,,2025-03.27T08:00,2025-03.28T18:00,"1 day,10 hours",,,2025-03.27T07:19:56,Turlough Hill 4 and 3 are unavailable to pump between 08:000 - 17:00 until the 28.03.25,3,Active,
"Unavailability of electricity facilities, Production",IE | Edenderry Power Plant | Edenderry Power Plant,118,0,2025-03.21T22:59,2025-03.27T06:59,"5 days,8 hours",Biomass,,2025-03.26T10:39:11,,3,Active,
"Unavailability of electricity facilities, Production",IE | Ballylumford | GU_500283(BGT1),0,58,2025-03.30T10:00,2025-03.30T13:00,3 hours,Fossil Oil,,2025-03.26T08:43:23,MCB switchgear maintenance ,1,Active,
"Unavailability of electricity facilities, Production",IE | Ballylumford | GU_500284(BGT2),0,58,2025-03.30T09:00,2025-03.30T14:00,5 hours,Fossil Oil,,2025-03.26T08:40:18,Battery maintenance,1,Active,
"Unavailability of electricity facilities, Production",IE | Ballylumford CCGT | GU_503730(B32),161,86,2025-02.04T15:45,2025-04.01T04:00,"1 month,27 days,12 hours,15 minutes",Fossil Gas,,2025-03.26T08:32:58,Storm Darragh wind damage,8,Active,
"Unavailability of electricity facilities, Production",IE | Aghada | GU_400850 (AD2),0,449,2025-04.19T00:01,2025-04.25T23:59,"6 days,23 hours,58 minutes",Fossil Gas,,2025-03.26T08:07:35,Exhaust Repairs ,2,Dismissed,"Duplicate.
Outage moved to 27/04/25"
"Other market information, Market Information",IE | Turlough Hill ,,,2025-03.26T07:43,2025-03.26T17:00,"9 hours,17 minutes",,,2025-03.26T07:44:23,Turlough Hill units 3 and 4 are unable to pump today,1,Active,
"Unavailability of electricity facilities, Production",IE | Moneypoint | GU_400270 (MP1),0,285,2025-03.24T07:00,2025-03.24T15:36,"8 hours,36 minutes",Fossil Hard coal,,2025-03.24T15:57:42,Safety valve issue,3,Active,
"Unavailability of electricity facilities, Production",IE | Kilroot | GU_500820 (KGT3),41,0,2025-03.24T10:00,2025-03.24T14:45,"4 hours,45 minutes",Fossil Oil,,2025-03.24T14:26:25,Outage complete,2,Active,
"Unavailability of electricity facilities, Production",IE | Kilroot | GU_500821 (KGT4),41,0,2025-03.19T07:00,2025-03.24T14:45,"5 days,7 hours,45 minutes",Fossil Oil,,2025-03.24T14:24:27,,7,Active,
"Unavailability of electricity facilities, Production",IE | Ringsend Flexgen (IS3),0,64,2025-03.24T08:00,2025-03.24T10:47,"2 hours,47 minutes",Fossil Gas,,2025-03.24T10:58:11,Failed to start: Damper issue,3,Active,
"Other market information, Market Information",IE | Turlough Hill,,,2025-03.24T08:00,2025-03.25T17:00,"1 day,9 hours",,,2025-03.24T07:37:37,Turlough Hill is unavailable to pump between 08:00 and 17:00,1,Active,
"Unavailability of electricity facilities, Production",IE | Great Island | Great Island,0,464,2025-03.18T22:00,2025-03.24T01:00,"5 days,2 hours,59 minutes",Fossil Gas,,2025-03.23T23:18:10,Plant Fault - Turbine,5,Active,
"Unavailability of electricity facilities, Production",IE | Aughinish Alumina Limited | Sealrock 3 - GU_400120 (SK3),0,85,2025-03.24T06:00,2025-03.26T18:00,"2 days,12 hours",Fossil Gas,,2025-03.21T12:31:49,,1,Active,
"Unavailability of electricity facilities, Production",IE | Kilroot | GU_500820 (KGT3),0,41,2025-03.20T11:26,2025-03.20T13:30,"2 hours,4 minutes",Fossil Oil,,2025-03.20T12:16:16,,2,Active,
"Unavailability of electricity facilities, Production",IE | Castlereagh BESS | Castlereagh BESS (CSB - GU_503350),0,50,2025-03.20T06:23,2025-03.20T08:45,"2 hours,22 minutes",Other,,2025-03.20T08:47:05,Unit available again,2,Active,
"Unavailability of electricity facilities, Production",IE | Kilroot | GU_500820 (KGT3),0,41,2025-03.19T13:30,2025-03.19T14:00,30 minutes,Fossil Oil,,2025-03.19T14:00:45,,3,Active,
"Unavailability of electricity facilities, Production",IE | Great Island | Great Island,0,464,2025-03.20T21:00,2025-03.22T05:00,"1 day,8 hours",Fossil Gas,,2025-03.19T09:49:45,Plant Fault - HRSG,2,Dismissed,Unit tripped before planned outage
"Unavailability of electricity facilities, Production",IE | Kilroot | GU_500820 (KGT3),0,41,2025-03.18T07:00,2025-03.18T20:30,"13 hours,30 minutes",Fossil Oil,,2025-03.18T20:30:56,,2,Active,
"Unavailability of electricity facilities, Production",IE | Edenderry Power Plant | Edenderry Power Plant,118,0,2025-03.18T18:00,2025-03.21T22:59,"3 days,4 hours,59 minutes",Biomass,,2025-03.18T17:57:00,,1,Active,
"Unavailability of electricity facilities, Production",IE | Edenderry Power Plant | Edenderry Power Plant,51,67,2025-03.15T00:35,2025-03.18T17:59,"3 days,17 hours,24 minutes",Biomass,,2025-03.18T17:56:59,,2,Active,
"Unavailability of electricity facilities, Production",IE | Edenderry Power Plant | Edenderry Power Plant,118,0,2025-03.18T22:59,2025-03.18T22:59,,Biomass,,2025-03.18T17:56:59,,3,Dismissed,CANCELED to prevent overlaps.
"Unavailability of electricity facilities, Production",IE | Edenderry Power Plant | Edenderry Power Plant,51,67,2025-03.18T23:00,2025-03.19T22:59,"23 hours,59 minutes",Biomass,,2025-03.18T17:56:58,,2,Dismissed,CANCELED to prevent overlaps.
"Unavailability of electricity facilities, Production",IE | Great Island | Great Island,0,464,2025-03.18T17:10,2025-03.18T20:10,3 hours,Fossil Gas,,2025-03.18T17:28:59,Plant Fault - Auxiliary Equipment,1,Active,
"Other market information, Market Information",IE | GU_400325 (PBB),,,2025-03.18T08:00,2025-03.18T12:05,"4 hours,5 minutes",,,2025-03.18T12:38:10,PBB will only be available on OCGT mode from 08:00-14:00 to faciliate repairs,3,Active,
"Other market information, Market Information",IE | GU_400324 (PBA),,,2025-03.18T08:00,2025-03.18T12:05,"4 hours,5 minutes",,,2025-03.18T12:37:50,PBA will only be available on OCGT mode from 08:00-14:00 to faciliate repairs,3,Active,
"Other market information, Market Information",IE | Yellow River,,,2025-01.27T09:25,2025-03.31T16:00,"2 months,4 days,6 hours,34 minutes",,Yellow River,2025-03.18T12:05:49,#Commissioning# Current capacity 86MW. Commissioning is scheduled to conclude early Q2 2025.,12,Active,
"Other market information, Market Information",IE | Poolbeg Flexgen (PB7),,,2025-03.18T08:30,2025-03.18T19:00,"10 hours,30 minutes",,,2025-03.17T22:30:04,Poolbeg Flexgen is  testing on 18.03.2025. Expected output range of 0-53.4mws during testing.,1,Active,
"Other market information, Market Information",IE | GU_400271 (MP2),,,2025-03.18T06:00,2025-03.21T23:59,"3 days,17 hours,59 minutes",,,2025-03.17T08:08:49,MP2 will be testing theri HFO capabilities from the 18th to the 21st of March between 120-250 MWs ,1,Active,
"Unavailability of electricity facilities, Production",IE | Edenderry Power Plant | Edenderry Power Plant,118,0,2025-03.04T11:59,2025-03.15T00:34,"10 days,12 hours,35 minutes",Biomass,,2025-03.15T00:12:01,,2,Active,
"Other market information, Market Information",IE | Tarbert TEG 2,,,2025-03.14T12:30,,"10 months,5 days,20 hours,42 minutes",,Tarbert TEG 2,2025-03.14T13:00:50,Site is not yet operational but is agreed to be available for emergency dispatch if instructed by EirGrid in line with CRU202346,1,Active,
"Unavailability of electricity facilities, Production",IE | Tarbert | Tarbert TEG 2,0,147,2024-11.27T00:01,2025-09.08T17:01,"9 months,12 days,17 hours",Fossil Oil,,2025-03.14T12:57:19,Testing,4,Dismissed,Unit is available for emergency dispatch if instructed by EirGrid in line with CRU202346
"Unavailability of electricity facilities, Production",IE | Mulreavy Wind Farm | Mulreavy Wind Farm (MB2 - GU_401920),0,5,2025-06.16T08:00,2025-06.19T18:00,"3 days,10 hours",Wind Onshore,,2025-03.14T12:56:02,End time is best estimate at this stage,1,Active,
"Unavailability of electricity facilities, Production",IE | Turlough Hill | GU_400363 (TH4),0,73,2025-03.25T11:00,2025-03.25T21:00,10 hours,Hydro Pumped Storage,,2025-03.14T10:58:55,Maintenance.,3,Active,
"Unavailability of electricity facilities, Production",IE | Moneypoint | GU_400272 (MP3),0,285,2025-03.13T22:40,2025-03.14T02:08,"3 hours,28 minutes",Fossil Hard coal,,2025-03.14T02:08:55,Steam conditions ,2,Active,
"Unavailability of electricity facilities, Production",IE | Turlough Hill | GU_400362 (TH3),0,73,2025-03.25T11:00,2025-03.25T21:00,10 hours,Hydro Pumped Storage,,2025-03.13T17:34:22,Maintenance.,2,Active,
"Unavailability of electricity facilities, Production",IE | Mulreavy Wind Farm | Mulreavy Wind Farm (MB1 - GU_401930),0,90,2025-06.16T08:00,2025-06.19T18:00,"3 days,10 hours",Wind Onshore,,2025-03.13T16:29:54,End time is best estimate at this stage,2,Active,
"Other market information, Market Information",IE | Moneypoint,,,2025-02.23T10:00,2025-03.13T09:34,"17 days,23 hours,34 minutes",,,2025-03.13T09:37:03,"The heat state of the MP Units is cold. If units called, it will take ~ 56 hours to meet the DI & consequently MP units will not trade in Ex Ante Markets until traded position can be met. The Market will be informed on receipt of a DI. 


13:03.25 - Participation in Ex Ante resumed 
",3,Active,
"Unavailability of electricity facilities, Production",IE | Ballylumford CCGT | GU_503720(B31),0,247,2025-03.12T02:00,2025-03.12T21:40,"19 hours,40 minutes",Fossil Gas,,2025-03.12T21:43:07,HRSG guillotine blanking plate fitted,2,Active,
"Unavailability of electricity facilities, Production",IE | Moneypoint | GU_400272 (MP3),0,285,2025-03.12T19:00,2025-03.12T23:00,4 hours,Fossil Hard coal,,2025-03.11T12:32:07,Fan Issue,1,Active,
"Unavailability of electricity facilities, Production",IE | Ballylumford CCGT | GU_503720(B31),161,86,2025-03.08T18:53,2025-03.12T02:00,"3 days,7 hours,7 minutes",Fossil Gas,,2025-03.11T10:21:48,Storm Darragh wind damage,10,Active,
"Unavailability of electricity facilities, Production",IE | Dublin Bay | GU_400500 (DB1),239,176,2025-03.11T01:40,2025-03.11T07:47,"6 hours,7 minutes",Fossil Gas,,2025-03.11T07:48:10,Issue under investigation.,2,Active,
"Unavailability of electricity facilities, Production",IE | Cloncreen Wind Farm Supply DAC - BESS | Cloncreen Wind Farm Supply DAC - BESS,19,6,2025-03.12T08:00,2025-03.12T16:59,"8 hours,59 minutes",Other,,2025-03.10T15:36:37,,1,Active,
"Unavailability of electricity facilities, Production",IE | Cloncreen Wind Farm Supply DAC - BESS | Cloncreen Wind Farm Supply DAC - BESS,19,6,2025-03.12T07:59,2025-03.12T07:59,,Other,,2025-03.10T15:36:37,,3,Active,
"Unavailability of electricity facilities, Production",IE | Cloncreen Wind Farm Supply DAC - BESS | Cloncreen Wind Farm Supply DAC - BESS,25,0,2025-03.12T16:59,2025-03.13T07:59,"14 hours,59 minutes",Other,,2025-03.10T15:36:36,,2,Active,
"Unavailability of electricity facilities, Production",IE | Cloncreen Wind Farm Supply DAC - BESS | Cloncreen Wind Farm Supply DAC - BESS,17,8,2025-03.11T08:00,2025-03.11T16:59,"8 hours,59 minutes",Other,,2025-03.10T15:35:09,,1,Active,
"Unavailability of electricity facilities, Production",IE | Cloncreen Wind Farm Supply DAC - BESS | Cloncreen Wind Farm Supply DAC - BESS,25,0,2025-03.11T16:59,2025-03.12T07:59,"14 hours,59 minutes",Other,,2025-03.10T15:35:08,,2,Active,
"Unavailability of electricity facilities, Production",IE | Cloncreen Wind Farm Supply DAC - BESS | Cloncreen Wind Farm Supply DAC - BESS,19,6,2025-03.11T15:59,2025-03.11T15:59,,Other,,2025-03.10T15:35:08,,2,Dismissed,CANCELED to prevent overlaps.
"Unavailability of electricity facilities, Production",IE | Cloncreen Wind Farm Supply DAC - BESS | Cloncreen Wind Farm Supply DAC - BESS,17,8,2025-03.11T08:00,2025-03.11T15:59,"7 hours,59 minutes",Other,,2025-03.10T15:35:08,,2,Dismissed,CANCELED to prevent overlaps.
"Unavailability of electricity facilities, Production",IE | Cloncreen Wind Farm Supply DAC - BESS | Cloncreen Wind Farm Supply DAC - BESS,19,6,2025-03.11T07:59,2025-03.11T07:59,,Other,,2025-03.10T15:32:14,,3,Active,
"Unavailability of electricity facilities, Production",IE | Cloncreen Wind Farm Supply DAC - BESS | Cloncreen Wind Farm Supply DAC - BESS,19,6,2025-03.10T15:30,2025-03.10T16:59,"1 hour,29 minutes",Other,,2025-03.10T15:24:44,,1,Active,
"Unavailability of electricity facilities, Production",IE | Cloncreen Wind Farm Supply DAC - BESS | Cloncreen Wind Farm Supply DAC - BESS,19,6,2025-03.10T09:00,2025-03.10T15:29,"6 hours,29 minutes",Other,,2025-03.10T15:24:43,,3,Active,
"Unavailability of electricity facilities, Production",IE | Cloncreen Wind Farm Supply DAC - BESS | Cloncreen Wind Farm Supply DAC - BESS,25,0,2025-03.10T16:59,2025-03.11T07:59,"14 hours,59 minutes",Other,,2025-03.10T15:24:43,,2,Active,
"Unavailability of electricity facilities, Production",IE | Cloncreen Wind Farm Supply DAC - BESS | Cloncreen Wind Farm Supply DAC - BESS,19,6,2025-03.13T07:59,2025-03.13T17:59,"9 hours,59 minutes",Other,,2025-03.10T09:23:50,,1,Active,
"Unavailability of electricity facilities, Production",IE | Cloncreen Wind Farm Supply DAC - BESS | Cloncreen Wind Farm Supply DAC - BESS,25,0,2025-03.10T16:00,2025-03.11T07:59,"15 hours,59 minutes",Other,,2025-03.10T09:19:42,,2,Dismissed,CANCELED to prevent overlaps.
"Unavailability of electricity facilities, Production",IE | Ballylumford CCGT | GU_503720(B31),0,247,2024-12.07T11:07,2025-03.08T18:53,"3 months,1 day,7 hours,46 minutes",Fossil Gas,,2025-03.08T18:53:42,Storm Darragh wind damage,9,Active,
"Unavailability of electricity facilities, Production",IE | Ballylumford CCGT | GU_503740(B10),0,101,2025-04.25T00:00,2025-04.29T00:00,4 days,Fossil Gas,,2025-03.07T10:49:35,Minor Outage,4,Dismissed,"Outage to be rescheduled, date to be confirmed."
"Unavailability of electricity facilities, Production",IE | Ballylumford CCGT | GU_503730(B32),0,247,2025-04.11T00:00,2025-04.14T00:00,3 days,Fossil Gas,,2025-03.07T10:47:31,Minor Outage,3,Dismissed,"Outage to be rescheduled, date to be confirmed."
"Unavailability of electricity facilities, Production",IE | Ballylumford CCGT | GU_503720(B31),0,247,2025-03.28T00:00,2025-03.31T00:00,3 days,Fossil Gas,,2025-03.07T10:46:10,Minor Overhaul,3,Dismissed,"Outage to be rescheduled, date to be confirmed."
"Unavailability of electricity facilities, Production",IE | Turlough Hill | GU_400360 (TH1),0,73,2025-03.07T07:00,2025-03.07T18:00,11 hours,Hydro Pumped Storage,,2025-03.06T13:20:52,Maintenance.,2,Active,
"Unavailability of electricity facilities, Production",IE | Turlough Hill | GU_400361 (TH2),0,73,2025-03.07T07:00,2025-03.07T18:00,11 hours,Hydro Pumped Storage,,2025-03.06T13:19:38,Maintenance.,2,Active,
"Unavailability of electricity facilities, Production",IE | Turlough Hill | GU_400362 (TH3),0,73,2025-03.07T07:00,2025-03.07T18:00,11 hours,Hydro Pumped Storage,,2025-03.06T13:18:55,Maintenance.,2,Active,
"Unavailability of electricity facilities, Production",IE | Turlough Hill | GU_400363 (TH4),0,73,2025-03.07T07:00,2025-03.07T18:00,11 hours,Hydro Pumped Storage,,2025-03.06T13:17:53,Maintenance.,2,Active,
"Unavailability of electricity facilities, Production",IE | Corduff Flexgen (FG2),0,64,2025-03.31T08:00,2025-04.04T18:00,"4 days,10 hours",Fossil Gas,,2025-03.05T23:12:38,Requirement to take plant off-line to address and close out construction punch list items associated with various systems within the plant,2,Dismissed,To Re enter values correctly
"Unavailability of electricity facilities, Production",IE | Turlough Hill | GU_400363 (TH4),0,73,2025-03.04T02:24,2025-03.05T18:45,"1 day,16 hours,21 minutes",Hydro Pumped Storage,,2025-03.05T18:47:22,Coms issue.,9,Active,
"Unavailability of electricity facilities, Production",IE | Turlough Hill | GU_400362 (TH3),0,73,2025-03.04T02:24,2025-03.05T18:45,"1 day,16 hours,21 minutes",Hydro Pumped Storage,,2025-03.05T18:46:57,Coms issue,10,Active,
"Unavailability of electricity facilities, Production",IE | Turlough Hill | GU_400361 (TH2),0,73,2025-03.04T02:24,2025-03.05T18:45,"1 day,16 hours,21 minutes",Hydro Pumped Storage,,2025-03.05T18:46:29,Coms issue.,9,Active,
"Unavailability of electricity facilities, Production",IE | Turlough Hill | GU_400360 (TH1),0,73,2025-03.04T02:24,2025-03.05T18:45,"1 day,16 hours,21 minutes",Hydro Pumped Storage,,2025-03.05T18:46:04,Coms Issue.,9,Active,
"Unavailability of electricity facilities, Production",IE | GU_504110 (GT6),0,326,2025-03.05T07:00,2025-03.05T17:05,"10 hours,5 minutes",Fossil Gas,,2025-03.05T16:57:54,,2,Active,
"Unavailability of electricity facilities, Production",IE | Tynagh Energy Limited,0,404,2025-03.21T20:00,2025-03.28T12:00,"6 days,16 hours",Fossil Gas,,2025-03.04T16:19:34,Scheduled Steam Turbine Borescope Inspection,2,Dismissed,Outage moved to April
"Unavailability of electricity facilities, Production",IE | Dublin Bay | GU_400500 (DB1),0,415,2025-03.21T20:00,2025-03.29T20:00,8 days,Fossil Gas,,2025-03.03T16:02:05,"GT minor inspection, repairs, assesments",2,Active,
"Unavailability of electricity facilities, Production",IE | Great Island | Great Island,0,464,2025-03.04T19:00,2025-03.06T17:00,"1 day,22 hours",Fossil Gas,,2025-03.03T12:28:40,Plant Fault - HRSG,2,Active,
"Unavailability of electricity facilities, Production",IE | Edenderry Power Plant | Edenderry Power Plant,41,77,2025-03.03T23:00,2025-03.04T11:59,"12 hours,59 minutes",Biomass,,2025-03.03T10:40:41,,1,Active,
"Unavailability of electricity facilities, Production",IE | Edenderry Power Plant | Edenderry Power Plant,118,0,2025-03.03T22:59,2025-03.03T22:59,,Biomass,,2025-03.03T10:40:40,,2,Active,
"Unavailability of electricity facilities, Production",IE | GU_504120 (GT7),0,326,2025-03.01T07:00,2025-03.02T20:00,"1 day,13 hours",Fossil Gas,,2025-03.02T17:29:38,GT Maintenance,2,Active,
"Unavailability of electricity facilities, Production",IE | Coolkeeragh | GU_500040 (C30),300,125,2025-03.02T03:08,2025-03.02T04:30,"1 hour,22 minutes",Fossil Gas,,2025-03.02T04:42:54,Reduced availability due to low tide level,1,Active,
"Unavailability of electricity facilities, Production",IE | Edenderry Power Plant | Edenderry Power Plant,41,77,2025-03.01T23:30,2025-03.03T22:59,"1 day,23 hours,29 minutes",Biomass,,2025-03.01T22:58:43,,1,Active,
"Unavailability of electricity facilities, Production",IE | Edenderry Power Plant | Edenderry Power Plant,118,0,2025-02.20T22:59,2025-03.01T23:29,"9 days,30 minutes",Biomass,,2025-03.01T22:58:42,,4,Active,
"Unavailability of electricity facilities, Production",IE | Turlough Hill | GU_400361 (TH2),73,0,2025-03.01T15:00,2025-03.01T20:20,"5 hours,20 minutes",Hydro Pumped Storage,,2025-03.01T20:25:43,"Issue with MIV

unit back fully available",6,Active,
"Unavailability of electricity facilities, Production",IE | Kilroot | GU_500821 (KGT4),41,0,2025-02.27T15:00,2025-09.27T20:00,"7 months,5 hours",Fossil Oil,,2025-02.28T09:27:40,INVESTIGATING.  ISSUES RESOLVED,3,Dismissed,Unit available indefinitely 
"Unavailability of electricity facilities, Production",IE | Tynagh Energy Limited,0,404,2025-02.25T05:45,2025-02.27T16:00,"2 days,10 hours,15 minutes",Fossil Gas,,2025-02.27T13:08:16,Steam Turbine Breaker Issue,7,Active,
"Unavailability of electricity facilities, Production",IE | Moneypoint | GU_400272 (MP3),0,285,2025-02.16T12:00,2025-02.25T12:00,9 days,Fossil Hard coal,,2025-02.25T12:28:11,Water damage unit fully unavailable,6,Active,
"Unavailability of electricity facilities, Production",IE | Moneypoint | GU_400271 (MP2),0,285,2025-03.28T22:00,2025-04.13T22:00,16 days,Fossil Hard coal,,2025-02.25T07:17:21,"56 day Major Outage on MP2 to cover Annual Preventative and Corrective Maintenance works across the full plant i.e. Turbine, Boiler, FGD, SCR, C& I and Electrical systems, as well as a BMS upgrade which covers the length of the outage.",2,Dismissed,Scheduled outage no longer planned to go ahead.
"Other market information, Market Information",IE | Aghada AT11,,,2025-02.25T11:00,2025-02.25T13:00,2 hours,,,2025-02.24T15:23:20,Aghada CT11 is expect to test during the event hours noted.,1,Active,
"Unavailability of electricity facilities, Production",IE | Dublin Waste to Energy,0,62,2025-02.23T00:30,2025-03.28T08:01,"1 month,5 days,7 hours,31 minutes",Waste,,2025-02.23T09:34:14,Unforseen Issues,3,Dismissed,Published by mistake
"Unavailability of electricity facilities, Production",IE | Dublin Waste to Energy,0,62,2025-01.06T10:00,2025-03.28T08:01,"2 months,21 days,22 hours,1 minute",Waste,,2025-02.23T09:18:04,Unforseen Issues,29,Dismissed,Published by mistake
"Unavailability of electricity facilities, Production",IE | Moneypoint | GU_400271 (MP2),0,285,2025-01.25T14:05,2025-02.22T22:00,"28 days,7 hours,55 minutes",Fossil Hard coal,,2025-02.22T09:55:51,Tube Leak,6,Active,
"Unavailability of electricity facilities, Production",IE | Turlough Hill | GU_400362 (TH3),0,73,2025-02.20T06:30,2025-02.20T08:10,"1 hour,40 minutes",Hydro Pumped Storage,,2025-02.20T08:11:22,PLC Comms issue,2,Active,
"Unavailability of electricity facilities, Production",IE | Edenderry Power Plant | Edenderry Power Plant,118,0,2025-02.19T19:00,2025-02.20T22:59,"1 day,3 hours,59 minutes",Biomass,,2025-02.19T18:49:13,,1,Active,
"Unavailability of electricity facilities, Production",IE | Edenderry Power Plant | Edenderry Power Plant,50,68,2025-02.19T10:30,2025-02.19T18:59,"8 hours,29 minutes",Biomass,,2025-02.19T18:49:10,,2,Active,
"Unavailability of electricity facilities, Production",IE | Edenderry Power Plant | Edenderry Power Plant,118,0,2025-02.18T10:45,2025-02.19T10:29,"23 hours,44 minutes",Biomass,,2025-02.19T10:12:34,,2,Active,
"Unavailability of electricity facilities, Production",IE | Whitegate Power Station | Whitegate Power Station,0,444,2025-02.19T05:26,2025-02.19T08:00,"2 hours,34 minutes",Fossil Gas,,2025-02.19T05:32:28,"Aux boiler fail, investigating",1,Active,
"Unavailability of electricity facilities, Production",IE | Castlereagh BESS | Castlereagh BESS (CSB - GU_503350),0,50,2025-02.18T08:00,2025-02.18T16:00,8 hours,Other,,2025-02.18T15:50:29,"Critical software update for battery calibration.
Software update completed, return to service at 16:00.
",3,Active,
"Other market information, Market Information",IE | GIL Peaker Athlone ,,,2024-06.15T00:00,2025-02.17T00:00,"8 months,2 days",,,2025-02.18T11:20:48,"In relation to new Capacity 24/25, the forecast latest date for commercial operation with respect to Athlone Peakers GU_404250, GU_405720, GU_405730, Gu_405740, GU_405750 is the end of Q1 2025. This message is Published by Bord Gais Energy as a market participant.",3,Active,
"Unavailability of electricity facilities, Production",IE | Edenderry Power Plant | Edenderry Power Plant,60,58,2025-02.18T08:00,2025-02.18T10:44,"2 hours,44 minutes",Biomass,,2025-02.18T10:33:59,,2,Active,
"Unavailability of electricity facilities, Production",IE | Edenderry Power Plant | Edenderry Power Plant,41,77,2025-02.17T18:00,2025-02.18T07:59,"13 hours,59 minutes",Biomass,,2025-02.18T07:34:48,,2,Active,
"Unavailability of electricity facilities, Production",IE | Edenderry Power Plant | Edenderry Power Plant,0,118,2025-02.13T13:15,2025-02.17T17:59,"4 days,4 hours,44 minutes",Biomass,,2025-02.17T14:47:13,,2,Active,
"Unavailability of electricity facilities, Production",IE | GU_504110 (GT6),0,326,2025-02.20T10:00,2025-02.20T12:00,2 hours,Fossil Gas,,2025-02.17T13:46:17,Generator Brush Gear Clean,1,Active,
"Unavailability of electricity facilities, Production",IE | Coolkeeragh | GU_500040 (C30),0,425,2025-02.16T13:40,2025-02.16T17:30,"3 hours,50 minutes",Fossil Gas,,2025-02.16T17:37:16,"Trip on starting issue under investigation
issue resolved ",5,Active,
"Unavailability of electricity facilities, Production",IE | Coolkeeragh | GU_500040 (C30),0,425,2025-02.14T20:00,2025-02.16T11:25,"1 day,15 hours,25 minutes",Fossil Gas,,2025-02.16T11:27:14,STP - 4Offline Water Wash and Brushgear,2,Active,
"Unavailability of electricity facilities, Production",IE | Ballylumford | GU_500284(BGT2),0,58,2025-02.13T06:00,2025-02.13T14:41,"8 hours,41 minutes",Fossil Oil,,2025-02.13T14:48:41,,2,Active,
"Unavailability of electricity facilities, Production",IE | Ballylumford | GU_500283(BGT1),0,58,2025-02.13T06:00,2025-02.13T14:41,"8 hours,41 minutes",Fossil Oil,,2025-02.13T14:47:52,,2,Active,
"Unavailability of electricity facilities, Production",IE | Edenderry Power Plant | Edenderry Power Plant,118,0,2025-02.09T22:59,2025-02.13T13:14,"3 days,14 hours,15 minutes",Biomass,,2025-02.13T13:19:23,,5,Active,
"Unavailability of electricity facilities, Production",IE | Whitegate Power Station | Whitegate Power Station,0,444,2025-02.12T12:25,2025-02.12T15:55,"3 hours,30 minutes",Fossil Gas,,2025-02.12T16:15:54,Unplanned under investigation,3,Active,
"Unavailability of electricity facilities, Production",IE | Poolbeg | GU_400325 (PBB),152,80,2025-02.09T23:10,2025-02.10T03:15,"4 hours,5 minutes",Fossil Gas,,2025-02.10T02:26:21,Steamer issue unavailability of 80mws ,3,Active,
"Unavailability of electricity facilities, Production",IE | GU_504120 (GT7),0,326,2025-02.08T12:00,2025-02.08T18:15,"6 hours,15 minutes",Fossil Gas,,2025-02.08T18:06:38,Brushgear maintenance,2,Active,
"Unavailability of electricity facilities, Production",IE | Castlereagh BESS | Castlereagh BESS (CSB - GU_503350),0,50,2025-02.07T13:00,2025-02.07T13:30,30 minutes,Other,,2025-02.07T13:42:19,"Simulation run ahead of DS3 testing.
Testing now complete.",2,Active,
"Unavailability of electricity facilities, Production",IE | Great Island | Great Island,0,464,2025-02.06T22:40,2025-02.07T17:00,"18 hours,20 minutes",Fossil Gas,,2025-02.06T22:40:14,Plant Fault - HRSG,2,Active,
"Other market information, Market Information",IE | Great Island,,,2025-02.06T11:00,2025-02.07T09:00,22 hours,,Gt Island CCGT,2025-02.06T11:01:08,"Due to plant fault, unit currently cannot be restarted. REMIT entered for testing and repair works on Friday 7th of Feb 2025",1,Active,
"Unavailability of electricity facilities, Production",IE | Dublin Bay | GU_400500 (DB1),415,0,2025-01.29T15:30,2025-02.05T21:00,"7 days,5 hours,30 minutes",Fossil Gas,,2025-02.05T20:56:35,The min Gen of this unit is now 05.02.25 @ 21:00,5,Active,
"Unavailability of electricity facilities, Production",IE | Poolbeg | GU_400325 (PBB),147,85,2025-02.04T08:00,2025-02.05T12:00,"1 day,4 hours",Fossil Gas,,2025-02.05T11:59:29,partial outage ,3,Active,
"Unavailability of electricity facilities, Production",IE | Edenderry Power Plant | Edenderry Power Plant,118,0,2025-02.05T05:00,2025-02.09T22:59,"4 days,17 hours,59 minutes",Biomass,,2025-02.05T04:32:34,,1,Active,
"Unavailability of electricity facilities, Production",IE | Edenderry Power Plant | Edenderry Power Plant,118,0,2025-02.05T06:59,2025-02.07T22:59,"2 days,15 hours,59 minutes",Biomass,,2025-02.05T04:32:33,,2,Dismissed,CANCELED to prevent overlaps.
"Unavailability of electricity facilities, Production",IE | Edenderry Power Plant | Edenderry Power Plant,41,77,2025-02.04T23:00,2025-02.05T04:59,"5 hours,59 minutes",Biomass,,2025-02.05T04:32:32,,2,Active,
"Unavailability of electricity facilities, Production",IE | Edenderry Power Plant | Edenderry Power Plant,118,0,2025-02.04T22:59,2025-02.04T22:59,,Biomass,,2025-02.04T21:48:11,,2,Active,
"Unavailability of electricity facilities, Production",IE | Ballylumford CCGT | GU_503730(B32),0,247,2024-12.07T11:07,2025-02.04T15:44,"1 month,28 days,4 hours,37 minutes",Fossil Gas,,2025-02.04T15:54:24,Storm Darragh wind damage,7,Active,
"Unavailability of electricity facilities, Production",IE | Edenderry Power Plant | Edenderry Power Plant,41,77,2025-02.04T15:20,2025-02.04T22:59,"7 hours,39 minutes",Biomass,,2025-02.04T14:13:49,,1,Active,
"Unavailability of electricity facilities, Production",IE | Edenderry Power Plant | Edenderry Power Plant,41,77,2025-02.04T15:20,2025-02.04T22:59,"7 hours,39 minutes",Biomass,,2025-02.04T14:13:48,,2,Dismissed,CANCELED to prevent overlaps.
"Unavailability of electricity facilities, Production",IE | Edenderry Power Plant | Edenderry Power Plant,118,0,2025-02.03T00:03,2025-02.04T15:19,"1 day,15 hours,16 minutes",Biomass,,2025-02.04T14:12:06,,2,Active,
"Other market information, Market Information",IE,,,2025-02.04T09:55,,"11 months,15 days,23 hours,17 minutes",,,2025-02.04T09:55:53,Tarbert Next Generation biofuel station GU_405790 has now moved to enabling works ahead of construction and commissioning. Planned completion is expected by end of 2027. The unit has received an extension to key CRM milestones from the CRU.,1,Active,
"Unavailability of electricity facilities, Production",IE | Edenderry Power Plant | Edenderry Power Plant,50,68,2025-02.01T18:15,2025-02.03T00:02,"1 day,5 hours,47 minutes",Biomass,,2025-02.03T00:04:39,,2,Active,
"Unavailability of electricity facilities, Transmission",Greenlink Interconnector | IE ? GB GB ? IE,"0,0","504,504",2025-02.01T08:11,2025-02.02T17:15,"1 day,9 hours,4 minutes",,Greenlink Interconnector Limited,2025-02.02T17:25:39,,7,Active,
"Unavailability of electricity facilities, Production",IE | Edenderry Power Plant | Edenderry Power Plant,50,68,2025-02.01T17:00,2025-02.01T18:14,"1 hour,14 minutes",Biomass,,2025-02.01T18:07:21,,2,Active,
"Unavailability of electricity facilities, Production",IE | Edenderry Power Plant | Edenderry Power Plant,118,0,2025-01.31T22:59,2025-02.01T16:59,18 hours,Biomass,,2025-02.01T16:48:47,,3,Active,
"Unavailability of electricity facilities, Production",IE | Aghada | GU_400850 (AD2),0,449,2025-02.01T06:00,2025-02.01T14:44,"8 hours,44 minutes",Fossil Gas,,2025-02.01T14:45:52,GT Repair Works,2,Active,
"Unavailability of electricity facilities, Production",IE | Tynagh Energy Limited,0,404,2025-05.21T20:00,2025-07.15T20:00,"1 month,24 days",Fossil Gas,,2025-01.31T13:20:16,Major Inspection of GT and ST + BOP inspection & corrective works,2,Dismissed,moved to August
"Other market information, Market Information",IE | MP3,,,2025-01.31T10:00,2025-01.31T16:00,6 hours,,,2025-01.31T02:09:39,MP3 testing on 31.01.2025. Unit to run up to 265MW during testing.,4,Dismissed,Testing not required. 
"Unavailability of electricity facilities, Production",IE | Poolbeg | GU_400324 (PBA),150,82,2025-02.04T08:00,2025-02.05T18:00,"1 day,10 hours",Fossil Gas,,2025-01.30T13:21:50,partial outage ,1,Active,
"Unavailability of electricity facilities, Production",IE | Coolkeeragh | GU_500041 (CGT8),26,27,2025-01.28T08:00,2025-01.29T14:00,"1 day,6 hours",Fossil Gas,,2025-01.30T01:07:30,Reduced availability.,2,Active,
"Unavailability of electricity facilities, Production",IE | Dublin Bay | GU_400500 (DB1),0,415,2025-01.28T21:01,2025-01.28T22:00,59 minutes,Fossil Gas,,2025-01.28T22:05:24,Fuel swap failure,1,Active,
"Other market information, Market Information",IE | Dublin Bay,,,2025-01.28T20:30,2025-01.28T22:00,"1 hour,30 minutes",,,2025-01.28T19:30:01,"GU_400500 Dublin Bay is expected to be testing 28/01/2025 20:30-22:00, expected output range 30-60MWs secondary fuel test.",1,Active,
"Other market information, Market Information","GB,IE | Greenlink Interconnector",,,2025-01.28T13:10,2025-01.28T13:20,10 minutes,,Greenlink Interconnector Limited,2025-01.28T11:07:28,"Power flow testing: Flow in the GB to IE direction, start ramping at 13:10 to deliver 10MW by 13:11, holding this value until 13:20, then ramping to 0MW by 13:20. Values subject to change depending on system conditions. Updates will be provided as required.",5,Active,
"Unavailability of electricity facilities, Production",IE | Tawnaghmore | TAWN3,52,0,2025-01.24T06:29,2025-01.28T11:07,"4 days,4 hours,37 minutes",Fossil Gas,,2025-01.28T11:05:05,Grid,9,Active,
"Unavailability of electricity facilities, Production",IE | Tawnaghmore | TAWN1,52,0,2025-01.24T06:29,2025-01.28T11:07,"4 days,4 hours,37 minutes",Fossil Gas,,2025-01.28T11:04:09,Grid,9,Active,
"Unavailability of electricity facilities, Production",IE | Drumlins Park Wind Farm,0,48,2025-01.24T05:06,2025-01.27T13:00,"3 days,7 hours,54 minutes",Wind Onshore,,2025-01.27T12:46:16,End time is confirmed,9,Active,
"Unavailability of electricity facilities, Production",IE | Rhode | RHODE1,52,0,2025-01.24T07:45,2025-01.26T15:45,"2 days,8 hours",Fossil Gas,,2025-01.26T15:28:44,Weather,5,Active,
"Unavailability of electricity facilities, Production",IE | Rhode | RHODE2,52,0,2025-01.24T07:45,2025-01.26T15:45,"2 days,7 hours,59 minutes",Fossil Gas,,2025-01.26T15:27:06,Weather,5,Active,
"Unavailability of electricity facilities, Production",IE | Edenderry Power Plant | Edenderry Power Plant,118,0,2025-01.26T09:49,2025-01.31T22:59,"5 days,13 hours,10 minutes",Biomass,,2025-01.26T10:10:33,,1,Active,
"Unavailability of electricity facilities, Production",IE | Edenderry Power Plant | Edenderry Power Plant,0,118,2025-01.26T08:49,2025-01.26T09:48,59 minutes,Biomass,,2025-01.26T10:10:32,,2,Active,
"Unavailability of electricity facilities, Production",IE | Edenderry Power Plant | Edenderry Power Plant,118,0,2025-01.21T22:59,2025-01.26T08:48,"4 days,9 hours,49 minutes",Biomass,,2025-01.26T09:14:52,,10,Active,
"Unavailability of electricity facilities, Production",IE | Coolkeeragh | GU_500041 (CGT8),26,27,2025-01.24T09:58,2025-01.25T19:55,"1 day,9 hours,57 minutes",Fossil Gas,,2025-01.25T20:04:43,Auxiliary Supply Issue,3,Active,
"Unavailability of electricity facilities, Production",IE | Oweninny Windfarm,0,95,2025-01.24T04:10,2025-01.25T14:30,"1 day,10 hours,20 minutes",Wind Onshore,,2025-01.25T16:13:09,"Storm Eowyn
Return time is best estimate",4,Active,
"Unavailability of electricity facilities, Production",IE | Cushaling Power Ltd ED3 CPL | Cushaling Power Ltd ED3 CPL,58,0,2025-01.24T21:00,2025-01.31T22:59,"7 days,1 hour,59 minutes",Fossil Oil,,2025-01.24T20:55:27,,1,Active,
"Unavailability of electricity facilities, Production",IE | Cushaling Power Ltd ED3 CPL | Cushaling Power Ltd ED3 CPL,0,58,2025-01.23T23:00,2025-01.24T20:59,"21 hours,59 minutes",Fossil Oil,,2025-01.24T20:55:27,,2,Active,
"Unavailability of electricity facilities, Production",IE | Corduff Flexgen (FG2) | GU_403680,0,64,2025-01.24T19:13,2025-01.25T18:00,"22 hours,47 minutes",Fossil Gas,,2025-01.24T19:24:28,Fuel gas pipeline issue ,1,Active,
"Unavailability of electricity facilities, Production",IE | Cloosh,0,105,2025-01.24T02:31,2025-01.24T19:06,"16 hours,34 minutes",Wind Onshore,,2025-01.24T19:05:08,Grid,4,Active,
"Unavailability of electricity facilities, Production",IE | CGT,0,64,2025-01.24T02:31,2025-01.24T19:05,"16 hours,33 minutes",Wind Onshore,,2025-01.24T19:04:50,Grid,4,Active,
"Unavailability of electricity facilities, Production",IE | Castlereagh BESS,0,50,2025-01.24T06:14,2025-01.24T16:56,"10 hours,42 minutes",Other,,2025-01.24T17:12:11,Unit back available,3,Active,
"Other market information, Market Information","GB,IE | Greenlink Interconnector",,,2025-01.29T23:00,2025-01.29T23:01,1 minute,,Greenlink Interconnector Limited,2025-01.24T17:04:12,"The Greenlink Interconnector is expected to commence commercial operations by entering the SEM-GB IDA1 auction at 1730 on the 29th January 2025 for trade date 30th January 2025, provided the final testing schedules are successfully completed on Monday the 27th and Tuesday the 28th January. This date is subject to change, with updates provided as necessary.",1,Active,
"Unavailability of electricity facilities, Production",IE | GU_504120 (GT7),0,326,2025-01.24T06:10,2025-01.24T09:05,"2 hours,55 minutes",Fossil Gas,,2025-01.24T09:29:23,,2,Active,
"Other market information, Market Information","GB,IE | Greenlink Interconnector",,,2024-12.11T08:00,2025-01.28T23:00,"1 month,17 days,15 hours",,Greenlink Interconnector Limited,2025-01.23T17:47:30,Commissioning of the IC is expected to start with active power tests between IE & GB beginning on 11/12/24 to 21/12/24. Testing will recommence following the Christmas period from the 3/1/25 to 28/1/25. Details on testing profiles will be published once approved by TSOs. Go-live is expected on trade date 29/1/25. Dates subject to change & updates will be published when available.,9,Active,
"Unavailability of electricity facilities, Transmission",Greenlink Interconnector | IE ? GB GB ? IE,"0,0","504,504",2025-01.24T23:00,2025-01.25T23:00,1 day,,Greenlink Interconnector Limited,2025-01.23T17:44:43,,6,Dismissed,Request from Greenlink operations.
"Other market information, Market Information","GB,IE | Greenlink Interconnector",,,2025-01.27T07:30,2025-01.27T23:30,16 hours,,Greenlink Interconnector Limited,2025-01.23T17:43:53,"Power flow testing: Flow in the IE to GB direction, ramping to deliver 504MW by 09:50, holding this value until 21:25, then ramping to 0MW. Date and values subject to change depending on system conditions. Updates will be provided as required.",1,Active,
"Unavailability of electricity facilities, Production",IE | Castlereagh BESS,0,50,2025-05.12T00:00,2025-05.16T17:00,"4 days,17 hours",Other,,2025-01.23T15:23:43,Times are subject to change,2,Dismissed,Unit is available in the market although disconnected from the grid.
"Unavailability of electricity facilities, Production",IE | Aughinish Alumina Limited | Sealrock 4 - GU_400121 (SK4),0,85,2025-01.27T06:00,2025-01.29T18:00,"2 days,12 hours",Fossil Gas,,2025-01.23T15:16:06,,1,Active,
"Other market information, Market Information","GB,IE | Greenlink Interconnector",,,2025-01.22T20:00,2025-01.23T05:59,"9 hours,59 minutes",,Greenlink Interconnector Limited,2025-01.22T17:53:53,"Power flow testing: Flow in the IE to GB direction, starting at 20:00, ramping to 250MW, holding until 21:50 before ramping back to 5MW and holding at this level until 5.59am. Values subject to change depending on system conditions. Updates will be provided as required.",1,Active,
"Unavailability of electricity facilities, Production",IE | Cushaling Power Ltd ED3 CPL | Cushaling Power Ltd ED3 CPL,0,58,2025-01.22T16:55,2025-01.23T22:59,"1 day,6 hours,4 minutes",Fossil Oil,,2025-01.22T17:15:54,,1,Active,
"Other market information, Market Information","GB,IE | Greenlink Interconnector",,,2025-01.23T06:00,2025-01.23T22:00,16 hours,,Greenlink Interconnector Limited,2025-01.22T15:21:30,"Power flow testing: Flow in the GB to IE direction, ramping to deliver 502MW by 07:42, holding this value until 20:15, then ramping to 0MW. Date and values subject to change depending on system conditions. Updates will be provided as required.",3,Active,
"Other market information, Market Information","GB,IE | Greenlink Interconnector",,,2025-01.22T07:00,2025-01.22T09:50,"2 hours,50 minutes",,Greenlink Interconnector Limited,2025-01.22T07:50:27,This morning's testing has been postponed and will not resume.,5,Active,
"Other market information, Market Information",IE | GU_400272 (MP3),,,2025-01.20T06:00,2025-01.21T23:00,"1 day,17 hours",,,2025-01.20T22:49:53,MP3 will be testing between above times. Range of 99MW-305MW.,3,Active,
"Unavailability of electricity facilities, Production",IE | Moneypoint | GU_400272 (MP3),0,285,2024-08.31T14:00,2025-01.21T23:00,"4 months,21 days,9 hours",Fossil Hard coal,,2025-01.20T16:45:25,"Scheduled overhaul - extended due to turbine issues.

BMS Commissioning ",11,Active,
"Unavailability of electricity facilities, Production",IE | Edenderry Power Plant | Edenderry Power Plant,118,0,2025-01.20T22:59,2025-01.21T22:59,"23 hours,59 minutes",Biomass,,2025-01.17T09:52:56,,1,Active,
"Unavailability of electricity facilities, Production",IE | Turlough Hill | GU_400362 (TH3),0,73,2025-04.02T08:00,2025-04.11T17:00,"9 days,9 hours",Hydro Pumped Storage,,2025-01.16T12:28:55,Unit inspection,1,Active,
"Other market information, Market Information",IE | Tynagh Energy Limited,,,2025-01.08T23:00,2025-01.22T23:00,14 days,,,2025-01.09T10:04:23,"Due to freezing conditions, there is a risk of a reduction in MW output.",2,Active,
"Unavailability of electricity facilities, Production",IE | Tawnaghmore | TAWN3,0,52,2025-06.13T09:00,2025-06.27T17:00,"14 days,8 hours",Fossil Gas,,2024-11.22T13:13:46,Planned Outage,4,Active,
"Unavailability of electricity facilities, Production",IE | Tawnaghmore | TAWN1,0,52,2025-06.13T09:00,2025-06.27T17:00,"14 days,8 hours",Fossil Gas,,2024-11.22T13:10:02,Planned Outage,4,Active,
"Unavailability of electricity facilities, Production",IE | Ballylumford | GU_500284(BGT2),0,58,2025-09.23T00:00,2025-09.28T23:59,"5 days,23 hours,59 minutes",Fossil Oil,,2024-10.10T08:52:56,Borescope inspection,3,Dismissed,Not required
"Unavailability of electricity facilities, Production",IE | Tarbert | TB3,0,241,2023-12.31T23:59,2030-01.01T00:00,"6 years,1 minute",Fossil Oil,,2024-10.09T09:04:35,Planned Outage,5,Active,
"Other market information, Market Information",IE,,,2024-07.30T00:00,2026-05.01T00:00,"1 year,9 months,1 day",,,2024-07.29T14:20:34,Great Island is available for running on secondary fuel in the event of a gas system emergency ,2,Dismissed,Unit is not available to run on oil
"Other market information, Market Information",IE,,,2024-07.30T00:00,2026-05.01T00:00,"1 year,9 months,1 day",,,2024-07.29T14:19:57,Great Island is available for running on secondary fuel in the event of a gas system emergency ,2,Dismissed,Unit is no longer available to run on oil in case of emergency.
"Other market information, Market Information",IE,,,2024-05.24T00:00,,"1 year,7 months,27 days,9 hours,13 minutes",,,2024-05.24T16:25:24,**** PLEASE IGNORE ***** Test publication to check SSE REMIT app functioning correctly after update. Market Participant Level,2,Dismissed,Test publication only
"Other market information, Market Information",IE | Moneypoint,,,2024-10.01T00:00,2025-07.01T00:00,9 months,,,2024-05.09T12:17:47,"Moneypoint 3 (GU_400272) 275MW - With reference to CRU 21/115, ESB will operate GU_400272 on HFO post July 2025. This has arisen as ESB has executed a services agreement contract with the TSO for GU_400272 for the provision of system services under direct dispatch instructions of the TSO in the Balancing Market only.",5,Active,
"Other market information, Market Information",IE | Moneypoint,,,2024-10.01T00:00,2025-07.01T00:00,9 months,,,2024-05.09T12:09:29,"Moneypoint 1 (GU_400270) 275MW - With reference to CRU 21/115, ESB will operate GU_400270 on HFO post July 2025. This has arisen as ESB has executed a services agreement contract with the TSO for GU_400270 for the provision of system services under direct dispatch instructions of the TSO in the Balancing Market only.",4,Active,
"Other market information, Market Information",IE | Moneypoint,,,2024-10.01T00:00,2025-07.01T00:00,9 months,,,2024-05.09T12:09:02,"Moneypoint 2 (GU_400271) 275MW - With reference to CRU 21/115, ESB will operate GU_400271 on HFO post July 2025. This has arisen as ESB has executed a services agreement contract with the TSO for GU_400271 for the provision of system services under direct dispatch instructions of the TSO in the Balancing Market only.",4,Active,
"Other market information, Market Information",IE | Poolbeg OCGT,,,2024-03.14T09:23,2027-03.31T23:59,"3 years,17 days,14 hours,36 minutes",,,2024-03.14T09:24:59,"Poolbeg OCGT 299MW, which secured a T-4 capacity market contract for delivery in the contract year 26/27, has an estimated time to complete commissioning by end Q1 2027",1,Active,
"Unavailability of electricity facilities, Production",IE | Aghada | GU_400181 (AT11),90,0,2023-12.31T00:00,2028-12.31T00:00,5 years,Fossil Gas,,2024-01.10T12:00:33,AT11 now in compliance with IED limits and fully available beyond 31.12.23,7,Dismissed,Reposting as a market message to allow REMIT posts to be publised
"Unavailability of electricity facilities, Production",IE | Great Island | Great Island CCGT,0,464,2025-03.08T00:00,2025-03.15T00:00,7 days,Fossil Gas,,2023-12.14T12:03:46,Planned Outage,2,Dismissed,No longer required following maintenance review.
"Unavailability of electricity facilities, Production",IE | Kilroot | GU_500821 (KGT4),0,41,2024-10.01T00:00,2025-09.30T23:59,"11 months,29 days,23 hours,59 minutes",Fossil Hard coal,,2023-10.17T15:24:40,keep this remark: please note that unit runs on Fossil Oil.,2,Dismissed,Mothball year rescinded
"Unavailability of electricity facilities, Production",IE | Kilroot | GU_500820 (KGT3),0,41,2024-10.01T00:00,2025-09.30T23:59,"11 months,29 days,23 hours,59 minutes",Fossil Hard coal,,2023-10.17T15:24:16,keep this remark: please note that unit runs on Fossil Oil.,2,Dismissed,Mothball year rescinded
"Unavailability of electricity facilities, Production",IE | Ballylumford CCGT | GU_500131(B32),161,86,2025-08.08T00:00,2025-08.14T23:59,"6 days,23 hours,59 minutes",Fossil Gas,,2023-09.29T14:14:21,,3,Dismissed,New GU codes
"Unavailability of electricity facilities, Production",IE | Ballylumford CCGT | GU_500131(B32),161,86,2025-08.18T00:00,2025-08.21T23:59,"3 days,23 hours,59 minutes",Fossil Gas,,2023-09.29T14:12:22,Steam Turbine outage.GT22 available open cycle,3,Dismissed,New GU code.
"Unavailability of electricity facilities, Production",IE | Ballylumford CCGT | GU_500131(B32),0,247,2025-08.15T00:00,2025-08.17T23:58,"2 days,23 hours,58 minutes",Fossil Gas,,2023-09.29T14:06:31,Steam turbine outage. GT22 minor inspection,3,Dismissed,New GU code
"Unavailability of electricity facilities, Production",IE | Ballylumford CCGT | GU_500130(B31),161,86,2025-08.11T00:00,2025-08.21T23:59,"10 days,23 hours,59 minutes",Fossil Gas,,2023-09.29T14:04:32,Steam turbine outage. GT21 available open cycle,3,Dismissed,New GU COde
"Unavailability of electricity facilities, Production",IE | Ballylumford CCGT | GU_500140(B10),0,101,2025-11.13T00:00,2025-11.15T23:59,"2 days,23 hours,59 minutes",Fossil Gas,,2023-09.29T14:02:58,Minor overhaul,3,Dismissed,New GU Number
"Unavailability of electricity facilities, Production",IE | Ballylumford CCGT | GU_500140(B10),0,101,2025-05.23T00:00,2025-05.25T23:59,"2 days,23 hours,59 minutes",Fossil Gas,,2023-09.29T13:47:20,Minor overhaul,3,Dismissed,New GU Code
"Unavailability of electricity facilities, Production",IE | Ballylumford CCGT | GU_500131(B32),0,247,2025-03.28T00:00,2025-03.30T23:59,"2 days,22 hours,59 minutes",Fossil Gas,,2023-09.29T13:45:52,Minor Overhaul,3,Dismissed,New GU code
"Unavailability of electricity facilities, Production",IE | Ballylumford CCGT | GU_500130(B31),0,247,2025-03.21T00:00,2025-03.23T23:59,"2 days,23 hours,59 minutes",Fossil Gas,,2023-09.29T13:43:46,Minor Overhaul,3,Dismissed,New GU Code
"Other market information, Market Information",IE,,,2023-05.10T08:00,,"2 years,8 months,10 days,1 hour,13 minutes",,,2023-08.04T18:42:30,"As outlined in the CRU Security of Supply update of Feb 23, Tarbert is a designated site for the installation of up to 160MW of temporary emergency generation. SSE has agreed a PWA for this project with expected delivery Sept 24. GE is the instructed contractor for the works at site. Further contracts to facilitate the project continue to be negotiated. As of Apr 23, the TSO has confirmed that this unit will operate outside the wholesale market.",3,Active,
"Other market information, Market Information",IE,,,2023-04.04T15:58,,"2 years,9 months,15 days,17 hours,15 minutes",,,2023-07.31T15:40:37,"- In response to CRU2115 - Security of Electricity Supply - Programme of Action issued Sept 2021, ESB has been requested to accommodate up to 264MW of temporary emergency generation at its Shannonbridge site. ESB has now entered into contracts with GE and Eirgrid for the delivery of this temporary emergency generation, with project completion expected in Q1 2024 – Subsequent to the publication of the BMRS in April 23 the TSO has confirmed that this unit will operate outside the wholesale market.",3,Active,
"Other market information, Market Information",IE,,,2022-05.27T00:00,,"3 years,7 months,24 days,9 hours,13 minutes",,,2023-07.31T15:38:09,"In response to CRU2115 - Security of Electricity Supply - Programme of Action issued Sept 2021, ESB submitted a proposal to accommodate temporary emergency generation at its North Wall site. ESB has now executed a contract with EirGrid for the provision of 193.466 MW of gas fired temporary emergency generation for delivery Sept 2023 on the North Wall site - 2024 – Subsequent to the publication of the BMRS in April 23 the TSO has confirmed that this unit will operate outside the wholesale market.",4,Active,
"Unavailability of electricity facilities, Production",IE | Kilroot | GU_500823 (K2),0,175,2023-10.01T00:00,2030-01.01T00:00,"6 years,3 months",Fossil Hard coal,,2022-08.25T08:42:53,Plant Closure,1,Active,
"Unavailability of electricity facilities, Production",IE | Kilroot | GU_500822 (K1),0,175,2023-10.01T00:00,2030-01.01T00:00,"6 years,3 months",Fossil Hard coal,,2022-08.25T08:36:28,Plant Closure,1,Active,
"Unavailability of electricity facilities, Production",IE | Tarbert | TB3,0,241,2023-12.31T23:59,2030-01.01T00:00,"6 years,1 minute",Fossil Oil,,2022-04.25T12:08:22,,2,Dismissed,Outage notification resubmitted
"Unavailability of electricity facilities, Production",IE | Gort Windfarms | GU_401440,0,60,2022-03.16T14:45,2027-01.01T14:45,"4 years,9 months,16 days",Wind Onshore,,2022-03.22T16:47:20,windfarm will be decommissioned,2,Active,
"Unavailability of electricity facilities, Production",IE | Tarbert | TB4,0,243,2023-12.31T23:59,2030-01.01T00:00,"6 years,1 minute",Fossil Oil,,2020-12.26T13:40:23,,1,Active,
"Unavailability of electricity facilities, Production",IE | Tarbert | TB2,0,54,2023-12.31T23:59,2030-01.01T00:00,"6 years,1 minute",Fossil Oil,,2020-12.26T13:35:52,,1,Active,
"Unavailability of electricity facilities, Production",IE | Tarbert | TB1,0,54,2023-12.31T23:59,2030-01.01T00:00,"6 years,1 minute",Fossil Oil,,2020-12.26T13:33:43,,1,Active,
